SQL> ED;
Wrote file afiedt.buf

  1  select SUM(SAL)
  2  from EMP
  3* GROUP BY JOB
SQL> /

  SUM(SAL)                                                                                                                                                                                              
----------                                                                                                                                                                                              
      4150                                                                                                                                                                                              
      5600                                                                                                                                                                                              
      5000                                                                                                                                                                                              
      8275                                                                                                                                                                                              
      6000                                                                                                                                                                                              

SQL> ED;
Wrote file afiedt.buf

  1  select *
  2  from EMP
  3  GROUP BY HIREDATE
  4* HAVING COUNT(*)=>3
SQL> /
HAVING COUNT(*)=>3
                *
ERROR at line 4:
ORA-00936: missing expression 


SQL> ED;
Wrote file afiedt.buf

  1  select HIREDATE
  2  from EMP
  3  GROUP BY HIREDATE
  4* HAVING COUNT(EMPNO)=>3
SQL> /
HAVING COUNT(EMPNO)=>3
                    *
ERROR at line 4:
ORA-00936: missing expression 


SQL> ED;
Wrote file afiedt.buf

  1  select *
  2  from EMP
  3  GROUP BY HIREDATE
  4* HAVING COUNT(EMPNO)>=3
SQL> /
select *
       *
ERROR at line 1:
ORA-00979: not a GROUP BY expression 


SQL> ED;
Wrote file afiedt.buf

  1  select HIREDATE
  2  from EMP
  3  GROUP BY HIREDATE
  4* HAVING COUNT(EMPNO)>=3
SQL> /

no rows selected

SQL> ED;
Wrote file afiedt.buf

  1  select SUM(SAL) S
  2  from EMP
  3  WHERE S>9000
  4  GROUP BY DEPTNO
  5* HAVING COUNT(*)>2
  6  /
WHERE S>9000
      *
ERROR at line 3:
ORA-00904: "S": invalid identifier 


SQL> ED;
Wrote file afiedt.buf

  1  select SUM(SAL) SUM
  2  from EMP
  3  WHERE SUM>9000
  4  GROUP BY DEPTNO
  5* HAVING COUNT(*)>2
SQL> /
WHERE SUM>9000
      *
ERROR at line 3:
ORA-00904: "SUM": invalid identifier 


SQL> 
SQL> ED;
Wrote file afiedt.buf

  1  select * 
  2  from EMP
  3  WHERE SAL>(SELECT SUM(SAL) S  FROM EMP
  4  GROUP BY DEPTNO
  5* HAVING COUNT(*)>2) OR S>9000
SQL> /
HAVING COUNT(*)>2) OR S>9000
                      *
ERROR at line 5:
ORA-00904: "S": invalid identifier 


SQL> ED;
Wrote file afiedt.buf

  1  SELECT SUM(SAL) SU  FROM EMP
  2  WHERE DEPTNO =(SELECT DEPTNO FROM EMP
  3                   WHERE SU>6000
  4  GROUP BY DEPTNO
  5* HAVING COUNT(*)>2) 
SQL> /
                 WHERE SU>6000
                       *
ERROR at line 3:
ORA-00904: "SU": invalid identifier 


SQL> EDE;
SP2-0042: unknown command "EDE" - rest of line ignored.
SQL> ED;
Wrote file afiedt.buf

  1  SELECT DEPTNO,SUM(SAL)
  2  FROM EMP
  3  GROUP BY DEPTNO
  4* HAVING BY COUNT(*)>2 AND SUM(SAL)>9000
SQL> /
HAVING BY COUNT(*)>2 AND SUM(SAL)>9000
       *
ERROR at line 4:
ORA-00936: missing expression 


SQL> ED;
Wrote file afiedt.buf

  1  SELECT DEPTNO,SUM(SAL)
  2  FROM EMP
  3  GROUP BY DEPTNO
  4* HAVING COUNT(*)>2 AND SUM(SAL)>9000
SQL> /

    DEPTNO   SUM(SAL)                                                                                                                                                                                   
---------- ----------                                                                                                                                                                                   
        30       9400                                                                                                                                                                                   
        20      10875                                                                                                                                                                                   

SQL> ED;
Wrote file afiedt.buf

  1  SELECT DEPTNO,AVG(SAL),COMM
  2  FROM EMP
  3  GROUP BY DEPTNO
  4* HAVING AVG(SAL)>COMM
SQL> /
HAVING AVG(SAL)>COMM
                *
ERROR at line 4:
ORA-00979: not a GROUP BY expression 


SQL> ED;
Wrote file afiedt.buf

  1  SELECT DEPTNO,AVG(SAL),COMM CC
  2  FROM EMP
  3  GROUP BY DEPTNO
  4* HAVING AVG(SAL)>CC
SQL> /
HAVING AVG(SAL)>CC
                *
ERROR at line 4:
ORA-00904: "CC": invalid identifier 


SQL> ED;
Wrote file afiedt.buf

  1  SELECT DEPTNO,AVG(SAL),COMM CC
  2  FROM EMP E
  3  GROUP BY DEPTNO
  4* HAVING AVG(SAL)>E.CC
SQL> /
HAVING AVG(SAL)>E.CC
                *
ERROR at line 4:
ORA-00904: "E"."CC": invalid identifier 


SQL> ED;
Wrote file afiedt.buf

  1  SELECT DEPTNO,AVG(SAL),COMM CC
  2  FROM EMP 
  3  WHERE SAL<COMM
  4* GROUP BY DEPTNO
  5  /
SELECT DEPTNO,AVG(SAL),COMM CC
                       *
ERROR at line 1:
ORA-00979: not a GROUP BY expression 


SQL> ED;
Wrote file afiedt.buf

  1  SELECT DEPTNO,AVG(SAL)
  2  FROM EMP 
  3  WHERE SAL<COMM
  4* GROUP BY DEPTNO
SQL> /

    DEPTNO   AVG(SAL)                                                                                                                                                                                   
---------- ----------                                                                                                                                                                                   
        30       1250                                                                                                                                                                                   

SQL> SELECT * FROM EMP;

     EMPNO ENAME      JOB              MGR HIREDATE         SAL       COMM     DEPTNO                                                                                                                   
---------- ---------- --------- ---------- --------- ---------- ---------- ----------                                                                                                                   
      7369 SMITH      CLERK           7902 17-DEC-80        800                    20                                                                                                                   
      7499 ALLEN      SALESMAN        7698 20-FEB-81       1600        300         30                                                                                                                   
      7521 WARD       SALESMAN        7698 22-FEB-81       1250        500         30                                                                                                                   
      7566 JONES      MANAGER         7839 02-APR-81       2975                    20                                                                                                                   
      7654 MARTIN     SALESMAN        7698 28-SEP-81       1250       1400         30                                                                                                                   
      7698 BLAKE      MANAGER         7839 01-MAY-81       2850                    30                                                                                                                   
      7782 CLARK      MANAGER         7839 09-JUN-81       2450                    10                                                                                                                   
      7788 SCOTT      ANALYST         7566 19-APR-87       3000                    20                                                                                                                   
      7839 KING       PRESIDENT            17-NOV-81       5000                    10                                                                                                                   
      7844 TURNER     SALESMAN        7698 08-SEP-81       1500          0         30                                                                                                                   
      7876 ADAMS      CLERK           7788 23-MAY-87       1100                    20                                                                                                                   
      7900 JAMES      CLERK           7698 03-DEC-81        950                    30                                                                                                                   
      7902 FORD       ANALYST         7566 03-DEC-81       3000                    20                                                                                                                   
      7934 MILLER     CLERK           7782 23-JAN-82       1300                    10                                                                                                                   

14 rows selected.

SQL> SELECT AVG(SAL) FROM EMP
  2  WHERE SAED;
WHERE SAED
         *
ERROR at line 2:
ORA-00920: invalid relational operator 


SQL> ED;
Wrote file afiedt.buf

  1  SELECT AVG(SAL) FROM EMP
  2* WHERE DEPTNO=30
SQL> /

  AVG(SAL)                                                                                                                                                                                              
----------                                                                                                                                                                                              
1566.66667                                                                                                                                                                                              

SQL> ED;
Wrote file afiedt.buf

  1  SELECT AVG(SAL) FROM EMP
  2* WHERE DEPTNO=30
SQL> ED;
Wrote file afiedt.buf

  1  SELECT DEPTNO,AVG(SAL) AA
  2  FROM EMP E
  3  WHERE E.AA> EMP.COMM
  4  GROUP BY DEPTNO
  5* HAVING AVG(SAL)>
SQL> /
HAVING AVG(SAL)>
               *
ERROR at line 5:
ORA-00936: missing expression 


SQL> ED;
Wrote file afiedt.buf

  1  SELECT DEPTNO,AVG(SAL) AA
  2  FROM EMP E
  3  WHERE E.AA> EMP.COMM
  4* GROUP BY DEPTNO
  5  /
WHERE E.AA> EMP.COMM
            *
ERROR at line 3:
ORA-00904: "EMP"."COMM": invalid identifier 


SQL> ED;
Wrote file afiedt.buf

  1  SELECT DEPTNO,AVG(SAL) AA
  2  FROM EMP E
  3  WHERE E.AA> COMM
  4* GROUP BY DEPTNO
SQL> /
WHERE E.AA> COMM
      *
ERROR at line 3:
ORA-00904: "E"."AA": invalid identifier 


SQL> ED;
Wrote file afiedt.buf

  1  SELECT DEPTNO,AVG(SAL)
  2  FROM EMP E
  3  WHERE SAL>COMM
  4* GROUP BY DEPTNO
SQL> /

    DEPTNO   AVG(SAL)                                                                                                                                                                                   
---------- ----------                                                                                                                                                                                   
        30       1450                                                                                                                                                                                   

SQL> ED;
Wrote file afiedt.buf

  1  SELECT SAL
  2  FROM EMP 
  3* GROUP BY NOT SAL
SQL> /
GROUP BY NOT SAL
         *
ERROR at line 3:
ORA-00936: missing expression 


SQL> ED;
Wrote file afiedt.buf

  1  SELECT SAL
  2  FROM EMP 
  3  GROUP BY SAL
  4* HAVING COUNT(*)>2
SQL> /

no rows selected

SQL> ED;
Wrote file afiedt.buf

  1  SELECT SAL
  2  FROM EMP 
  3  GROUP BY SAL
  4* HAVING COUNT(*)>1
SQL> /

       SAL                                                                                                                                                                                              
----------                                                                                                                                                                                              
      1250                                                                                                                                                                                              
      3000                                                                                                                                                                                              

SQL>   SPOOL OFF
SQL>  SELECT *
  2   FROM EMP
  3   WHERE DEPTNO IN(SELECT DEPTNO
  4              FROM DEPT
  5              WHERE DNAME LIKE'%S'
  6              );

     EMPNO ENAME      JOB              MGR HIREDATE         SAL       COMM     DEPTNO                                                                                                                   
---------- ---------- --------- ---------- --------- ---------- ---------- ----------                                                                                                                   
      7499 ALLEN      SALESMAN        7698 20-FEB-81       1600        300         30                                                                                                                   
      7521 WARD       SALESMAN        7698 22-FEB-81       1250        500         30                                                                                                                   
      7654 MARTIN     SALESMAN        7698 28-SEP-81       1250       1400         30                                                                                                                   
      7698 BLAKE      MANAGER         7839 01-MAY-81       2850                    30                                                                                                                   
      7844 TURNER     SALESMAN        7698 08-SEP-81       1500          0         30                                                                                                                   
      7900 JAMES      CLERK           7698 03-DEC-81        950                    30                                                                                                                   

6 rows selected.

SQL> SELECT MAX(SAL)
  2  FROM EMP
  3  WHERE DEPTNO IN(SELECT DEPTNO
  4             FROM DEPT
  5             WHERE DNAME='ACCOUNTING'
  6             );

  MAX(SAL)                                                                                                                                                                                              
----------                                                                                                                                                                                              
      5000                                                                                                                                                                                              

SQL> ED;
Wrote file afiedt.buf

  1  SELECT MAX(SAL)
  2  FROM EMP
  3  WHERE DEPTNO IN(SELECT DEPTNO
  4             FROM DEPT
  5             WHERE DNAME='ACCOUNTING'
  6             )
  7* GROUP BY SAL
SQL> /

  MAX(SAL)                                                                                                                                                                                              
----------                                                                                                                                                                                              
      2450                                                                                                                                                                                              
      5000                                                                                                                                                                                              
      1300                                                                                                                                                                                              

SQL> ED;
Wrote file afiedt.buf

  1  SELECT *
  2  FROM EMP
  3  WHERE DEPTNO IN(SELECT DEPTNO
  4             FROM DEPT
  5             WHERE DNAME='ACCOUNTING'
  6*            )
  7  /

     EMPNO ENAME      JOB              MGR HIREDATE         SAL       COMM     DEPTNO                                                                                                                   
---------- ---------- --------- ---------- --------- ---------- ---------- ----------                                                                                                                   
      7782 CLARK      MANAGER         7839 09-JUN-81       2450                    10                                                                                                                   
      7839 KING       PRESIDENT            17-NOV-81       5000                    10                                                                                                                   
      7934 MILLER     CLERK           7782 23-JAN-82       1300                    10                                                                                                                   

SQL> ED;
Wrote file afiedt.buf

  1  SELECT EMP.*,MAX(SAL)
  2  FROM EMP
  3  WHERE DEPTNO IN(SELECT DEPTNO
  4             FROM DEPT
  5             WHERE DNAME='ACCOUNTING'
  6*            )
SQL> /
SELECT EMP.*,MAX(SAL)
           *
ERROR at line 1:
ORA-00937: not a single-group group function 


SQL> ED;
Wrote file afiedt.buf

  1  SELECT *
  2  FROM EMP
  3  WHERE SAL=( SELECT MAX(SAL)
  4             FROM EMP
  5             WHERE DEPTNO=(SELECT DEPTNO 
  6  			FROM DEPT
  7  			WHERE DNAME='ACCOUNTING') 
  8*            )
SQL> /

     EMPNO ENAME      JOB              MGR HIREDATE         SAL       COMM     DEPTNO                                                                                                                   
---------- ---------- --------- ---------- --------- ---------- ---------- ----------                                                                                                                   
      7839 KING       PRESIDENT            17-NOV-81       5000                    10                                                                                                                   

SQL> ED;
Wrote file afiedt.buf

  1  SELECT *
  2  FROM DEPT
  3  WHERE DEPTNO=( SELECT DEPTNO
  4             FROM EMP 
  5             WHERE COMM=(SELECT MAX(COMM)
  6   	   FROM EMP )
  7*            )
  8  /

    DEPTNO DNAME          LOC                                                                                                                                                                           
---------- -------------- -------------                                                                                                                                                                 
        30 SALES          CHICAGO                                                                                                                                                                       

SQL> ED;
Wrote file afiedt.buf

  1  SELECT *
  2  FROM EMP
  3  WHERE DEPTNO=( SELECT DEPTNO
  4             FROM EMP 
  5             WHERE DNAME LIKE '_O%'
  6*            )
SQL> /
           WHERE DNAME LIKE '_O%'
                 *
ERROR at line 5:
ORA-00904: "DNAME": invalid identifier 


SQL> ED;
Wrote file afiedt.buf

  1  SELECT *
  2  FROM EMP
  3  WHERE DEPTNO=( SELECT DEPTNO
  4             FROM DEPT
  5             WHERE DNAME LIKE '_O%'
  6*            )
SQL> /

no rows selected

SQL> ED;
Wrote file afiedt.buf

  1  SELECT *
  2  FROM EMP
  3  WHERE DEPTNO=( SELECT DEPTNO
  4             FROM DEPT
  5             WHERE ENAME = 'SCOTT'
  6*            )
SQL> /
WHERE DEPTNO=( SELECT DEPTNO
               *
ERROR at line 3:
ORA-01427: single-row subquery returns more than one row 


SQL> ED;
Wrote file afiedt.buf

  1  SELECT *
  2  FROM EMP
  3  WHERE DEPTNO=( SELECT DEPTNO
  4             FROM EMP
  5             WHERE ENAME = 'SCOTT'
  6*            )
SQL> /

     EMPNO ENAME      JOB              MGR HIREDATE         SAL       COMM     DEPTNO                                                                                                                   
---------- ---------- --------- ---------- --------- ---------- ---------- ----------                                                                                                                   
      7369 SMITH      CLERK           7902 17-DEC-80        800                    20                                                                                                                   
      7566 JONES      MANAGER         7839 02-APR-81       2975                    20                                                                                                                   
      7788 SCOTT      ANALYST         7566 19-APR-87       3000                    20                                                                                                                   
      7876 ADAMS      CLERK           7788 23-MAY-87       1100                    20                                                                                                                   
      7902 FORD       ANALYST         7566 03-DEC-81       3000                    20                                                                                                                   

SQL> ED;
Wrote file afiedt.buf

  1  SELECT *
  2  FROM EMP
  3  WHERE DEPTNO=( SELECT DEPTNO
  4             FROM DEPT
  5             WHERE DNAME IN('RESEARCH','OPERATIONS')
  6*            )
SQL> /
WHERE DEPTNO=( SELECT DEPTNO
               *
ERROR at line 3:
ORA-01427: single-row subquery returns more than one row 


SQL> ED;
Wrote file afiedt.buf

  1  SELECT *
  2  FROM EMP
  3  WHERE DEPTNO IN ( SELECT DEPTNO
  4             FROM DEPT
  5             WHERE DNAME IN('RESEARCH','OPERATIONS')
  6*            )
SQL> /

     EMPNO ENAME      JOB              MGR HIREDATE         SAL       COMM     DEPTNO                                                                                                                   
---------- ---------- --------- ---------- --------- ---------- ---------- ----------                                                                                                                   
      7369 SMITH      CLERK           7902 17-DEC-80        800                    20                                                                                                                   
      7566 JONES      MANAGER         7839 02-APR-81       2975                    20                                                                                                                   
      7788 SCOTT      ANALYST         7566 19-APR-87       3000                    20                                                                                                                   
      7876 ADAMS      CLERK           7788 23-MAY-87       1100                    20                                                                                                                   
      7902 FORD       ANALYST         7566 03-DEC-81       3000                    20                                                                                                                   

SQL> ED;
Wrote file afiedt.buf

  1  SELECT *
  2  FROM EMP
  3  WHERE DEPTNO = ( SELECT DEPTNO
  4             FROM DEPT
  5             WHERE DNAME IN('ACCOUNTING','OPERATIONS')
  6*            )
SQL> /
WHERE DEPTNO = ( SELECT DEPTNO
                 *
ERROR at line 3:
ORA-01427: single-row subquery returns more than one row 


SQL> EDL;
SP2-0042: unknown command "EDL" - rest of line ignored.
SQL> ED;
Wrote file afiedt.buf

  1  SELECT *
  2  FROM EMP
  3  WHERE DEPTNO IN ( SELECT DEPTNO
  4             FROM DEPT
  5             WHERE DNAME IN('ACCOUNTING','OPERATIONS')
  6*            )
SQL> /

     EMPNO ENAME      JOB              MGR HIREDATE         SAL       COMM     DEPTNO                                                                                                                   
---------- ---------- --------- ---------- --------- ---------- ---------- ----------                                                                                                                   
      7782 CLARK      MANAGER         7839 09-JUN-81       2450                    10                                                                                                                   
      7839 KING       PRESIDENT            17-NOV-81       5000                    10                                                                                                                   
      7934 MILLER     CLERK           7782 23-JAN-82       1300                    10                                                                                                                   

SQL> ED;
Wrote file afiedt.buf

  1  SELECT *
  2  FROM EMP
  3  WHERE DEPTNO = (SELECT DEPTNO
  4             FROM DEPT
  5             WHERE DNAME IN('ACCOUNTING','OPERATIONS')
  6*            )
SQL> /
WHERE DEPTNO = (SELECT DEPTNO
                *
ERROR at line 3:
ORA-01427: single-row subquery returns more than one row 


SQL> ED;
Wrote file afiedt.buf

  1  SELECT *
  2  FROM EMP
  3  WHERE DEPTNO = (SELECT DEPTNO
  4             FROM DEPT
  5             WHERE DNAME IN('OPERATIONS','ACCOUNTING')
  6*            )
SQL> /
WHERE DEPTNO = (SELECT DEPTNO
                *
ERROR at line 3:
ORA-01427: single-row subquery returns more than one row 


SQL> ED;
Wrote file afiedt.buf

  1  SELECT *
  2  FROM EMP
  3  WHERE DEPTNO = (SELECT DEPTNO
  4             FROM DEPT
  5*            WHERE DNAME IN('OPERATIONS','ACCOUNTING'))
  6  /
WHERE DEPTNO = (SELECT DEPTNO
                *
ERROR at line 3:
ORA-01427: single-row subquery returns more than one row 


SQL> ED;
Wrote file afiedt.buf

  1  SELECT *
  2  FROM EMP
  3  WHERE SAL> (SELECT SAL
  4             FROM EMP
  5*            WHERE ENAME='MILLER' )
SQL> /

     EMPNO ENAME      JOB              MGR HIREDATE         SAL       COMM     DEPTNO                                                                                                                   
---------- ---------- --------- ---------- --------- ---------- ---------- ----------                                                                                                                   
      7499 ALLEN      SALESMAN        7698 20-FEB-81       1600        300         30                                                                                                                   
      7566 JONES      MANAGER         7839 02-APR-81       2975                    20                                                                                                                   
      7698 BLAKE      MANAGER         7839 01-MAY-81       2850                    30                                                                                                                   
      7782 CLARK      MANAGER         7839 09-JUN-81       2450                    10                                                                                                                   
      7788 SCOTT      ANALYST         7566 19-APR-87       3000                    20                                                                                                                   
      7839 KING       PRESIDENT            17-NOV-81       5000                    10                                                                                                                   
      7844 TURNER     SALESMAN        7698 08-SEP-81       1500          0         30                                                                                                                   
      7902 FORD       ANALYST         7566 03-DEC-81       3000                    20                                                                                                                   

8 rows selected.

SQL> ED;
Wrote file afiedt.buf

  1  SELECT *
  2  FROM DEPT
  3  WHERE DEPTNO =  (SELECT DEPTNO
  4                   FROM EMP
  5  		 WHERE JOB=(SELECT JOB 
  6  			    FROM EMP
  7  			    WHERE JOB='SALESMAN'
  8  			    GROUP BY JOB
  9  			    HAVING COUNT(*)>=3)
 10* 	   )
 11  /
WHERE DEPTNO =  (SELECT DEPTNO
                 *
ERROR at line 3:
ORA-01427: single-row subquery returns more than one row 


SQL> ED;
Wrote file afiedt.buf

  1  SELECT *
  2  FROM DEPT
  3  WHERE DEPTNO IN (SELECT DEPTNO
  4                   FROM EMP
  5  		 WHERE JOB=(SELECT JOB 
  6  			    FROM EMP
  7  			    WHERE JOB='SALESMAN'
  8  			    GROUP BY JOB
  9  			    HAVING COUNT(*)>=3)
 10* 	   )
SQL> /

    DEPTNO DNAME          LOC                                                                                                                                                                           
---------- -------------- -------------                                                                                                                                                                 
        30 SALES          CHICAGO                                                                                                                                                                       

SQL> ED;
Wrote file afiedt.buf

  1  SELECT *
  2  FROM DEPT
  3  WHERE DEPTNO IN (SELECT DEPTNO
  4                   FROM EMP
  5  		 WHERE EMPNO=(SELEC MGR
  6  			    FROM EMP
  7  			    )
  8* 	   )
SQL> /
		 WHERE EMPNO=(SELEC MGR
		                    *
ERROR at line 5:
ORA-00907: missing right parenthesis 


SQL> ED;
Wrote file afiedt.buf

  1  SELECT *
  2  FROM DEPT
  3  WHERE DEPTNO IN (SELECT DEPTNO
  4                   FROM EMP
  5  		 WHERE EMPNO=(SELECT MGR
  6  			    FROM EMP
  7  			    )
  8* 	   )
SQL> /
		 WHERE EMPNO=(SELECT MGR
		              *
ERROR at line 5:
ORA-01427: single-row subquery returns more than one row 


SQL> ED;
Wrote file afiedt.buf

  1  SELECT *
  2  FROM DEPT
  3  WHERE DEPTNO IN (SELECT DEPTNO
  4                   FROM EMP
  5  		 WHERE MGR IS NULL
  6* 			    )
  7  /

    DEPTNO DNAME          LOC                                                                                                                                                                           
---------- -------------- -------------                                                                                                                                                                 
        10 ACCOUNTING     NEW YORK                                                                                                                                                                      

SQL> ed;
Wrote file afiedt.buf

  1  SELECT *
  2  FROM EMP
  3  WHERE EMPNO = (SELECT MGR
  4                   FROM EMP
  5  		 WHERE ENAME='JONES
  6* 			    )
SQL> /
ERROR:
ORA-01756: quoted string not properly terminated 


SQL> ED;
Wrote file afiedt.buf

  1  SELECT *
  2  FROM EMP
  3  WHERE EMPNO = (SELECT MGR
  4                   FROM EMP
  5  		 WHERE ENAME='JONES'
  6* 			    )
SQL> /

     EMPNO ENAME      JOB              MGR HIREDATE         SAL       COMM     DEPTNO                                                                                                                   
---------- ---------- --------- ---------- --------- ---------- ---------- ----------                                                                                                                   
      7839 KING       PRESIDENT            17-NOV-81       5000                    10                                                                                                                   

SQL> ED;
Wrote file afiedt.buf

  1  SELECT *
  2  FROM EMP
  3  WHERE DEPTNO= (SELECT DEPTNO
  4                   FROM DEPT
  5  		 WHERE DEPTNO=(SELECT *
  6                   FROM EMP
  7                   WHERE DNAME('RESEARCH','ACCOUNTING'))
  8* 			    )
SQL> /
                 WHERE DNAME('RESEARCH','ACCOUNTING'))
                                                     *
ERROR at line 7:
ORA-00920: invalid relational operator 


SQL> ED;
Wrote file afiedt.buf

  1  SELECT *
  2  FROM EMP
  3  WHERE DEPTNO= (SELECT DEPTNO
  4                   FROM DEPT
  5  		 WHERE DEPTNO=(SELECT *
  6                   FROM EMP
  7                   WHERE DNAME IN('RESEARCH','ACCOUNTING'))
  8* 			    )
SQL> /
		 WHERE DEPTNO=(SELECT *
		               *
ERROR at line 5:
ORA-00913: too many values 


SQL> ED;
Wrote file afiedt.buf

  1  SELECT *
  2  FROM EMP
  3  WHERE DEPTNO= (SELECT DEPTNO
  4                   FROM DEPT
  5  		 WHERE DEPTNO IN (SELECT *
  6                   FROM EMP
  7                   WHERE DNAME IN('RESEARCH','ACCOUNTING'))
  8* 			    )
SQL> /
		 WHERE DEPTNO IN (SELECT *
		                  *
ERROR at line 5:
ORA-00913: too many values 


SQL> ED;
Wrote file afiedt.buf

  1  SELECT *
  2  FROM EMP
  3  WHERE DEPTNO= (SELECT DEPTNO
  4                   FROM DEPT
  5  		 WHERE DEPTNO IN (SELECT DEPTNO
  6                   FROM EMP
  7                   WHERE DNAME IN('RESEARCH','ACCOUNTING'))
  8* 			    )
SQL> /
WHERE DEPTNO= (SELECT DEPTNO
               *
ERROR at line 3:
ORA-01427: single-row subquery returns more than one row 


SQL> ED;
Wrote file afiedt.buf

  1  SELECT *
  2  FROM EMP
  3  WHERE DEPTNO= (SELECT DEPTNO
  4                   FROM DEPT
  5  		 WHERE DEPTNO IN (SELECT DEPTNO
  6                   FROM DEPT
  7                   WHERE DNAME IN('RESEARCH','ACCOUNTING'))
  8* 			    )
SQL> /
WHERE DEPTNO= (SELECT DEPTNO
               *
ERROR at line 3:
ORA-01427: single-row subquery returns more than one row 


SQL> ED;
Wrote file afiedt.buf

  1  SELECT *
  2  FROM EMP
  3  WHERE DEPTNO IN(SELECT DEPTNO
  4                   FROM DEPT
  5  		 WHERE DEPTNO IN (SELECT DEPTNO
  6                   FROM DEPT
  7                   WHERE DNAME IN('RESEARCH','ACCOUNTING'))
  8* 			    )
SQL> /

     EMPNO ENAME      JOB              MGR HIREDATE         SAL       COMM     DEPTNO                                                                                                                   
---------- ---------- --------- ---------- --------- ---------- ---------- ----------                                                                                                                   
      7934 MILLER     CLERK           7782 23-JAN-82       1300                    10                                                                                                                   
      7839 KING       PRESIDENT            17-NOV-81       5000                    10                                                                                                                   
      7782 CLARK      MANAGER         7839 09-JUN-81       2450                    10                                                                                                                   
      7902 FORD       ANALYST         7566 03-DEC-81       3000                    20                                                                                                                   
      7876 ADAMS      CLERK           7788 23-MAY-87       1100                    20                                                                                                                   
      7788 SCOTT      ANALYST         7566 19-APR-87       3000                    20                                                                                                                   
      7566 JONES      MANAGER         7839 02-APR-81       2975                    20                                                                                                                   
      7369 SMITH      CLERK           7902 17-DEC-80        800                    20                                                                                                                   

8 rows selected.

SQL> ED;
Wrote file afiedt.buf

  1  SELECT *
  2  FROM EMP
  3  WHERE DEPTNO IN(SELECT DEPTNO
  4                   FROM DEPT
  5  		 WHERE DEPTNO IN (SELECT DEPTNO
  6                   FROM DEPT
  7                   WHERE DNAME IN('RESEARCH','ACCOUNTING'))
  8* 			    )
SQL> SPOOL OFF



SQL> ED;
Wrote file afiedt.buf

  1  SELECT *
  2  FROM EMP E1 JOIN EMP E2
  3* ON E1.EMPNO  = E2.MGR
SQL> /

     EMPNO ENAME      JOB              MGR HIREDATE         SAL       COMM     DEPTNO      EMPNO ENAME      JOB              MGR HIREDATE         SAL       COMM     DEPTNO                             
---------- ---------- --------- ---------- --------- ---------- ---------- ---------- ---------- ---------- --------- ---------- --------- ---------- ---------- ----------                             
      7902 FORD       ANALYST         7566 03-DEC-81       3000                    20       7369 SMITH      CLERK           7902 17-DEC-80        800                    20                             
      7698 BLAKE      MANAGER         7839 01-MAY-81       2850                    30       7499 ALLEN      SALESMAN        7698 20-FEB-81       1600        300         30                             
      7698 BLAKE      MANAGER         7839 01-MAY-81       2850                    30       7521 WARD       SALESMAN        7698 22-FEB-81       1250        500         30                             
      7839 KING       PRESIDENT            17-NOV-81       5000                    10       7566 JONES      MANAGER         7839 02-APR-81       2975                    20                             
      7698 BLAKE      MANAGER         7839 01-MAY-81       2850                    30       7654 MARTIN     SALESMAN        7698 28-SEP-81       1250       1400         30                             
      7839 KING       PRESIDENT            17-NOV-81       5000                    10       7698 BLAKE      MANAGER         7839 01-MAY-81       2850                    30                             
      7839 KING       PRESIDENT            17-NOV-81       5000                    10       7782 CLARK      MANAGER         7839 09-JUN-81       2450                    10                             
      7566 JONES      MANAGER         7839 02-APR-81       2975                    20       7788 SCOTT      ANALYST         7566 19-APR-87       3000                    20                             
      7698 BLAKE      MANAGER         7839 01-MAY-81       2850                    30       7844 TURNER     SALESMAN        7698 08-SEP-81       1500          0         30                             
      7788 SCOTT      ANALYST         7566 19-APR-87       3000                    20       7876 ADAMS      CLERK           7788 23-MAY-87       1100                    20                             
      7698 BLAKE      MANAGER         7839 01-MAY-81       2850                    30       7900 JAMES      CLERK           7698 03-DEC-81        950                    30                             
      7566 JONES      MANAGER         7839 02-APR-81       2975                    20       7902 FORD       ANALYST         7566 03-DEC-81       3000                    20                             
      7782 CLARK      MANAGER         7839 09-JUN-81       2450                    10       7934 MILLER     CLERK           7782 23-JAN-82       1300                    10                             

13 rows selected.

SQL>  ED;
Wrote file afiedt.buf

  1  SELECT ENAME ,JOB,SAL*12 AN_SAL,EMP.DEPT,DANME
  2  FROM EMP ,DEPT
  3* WHERE EMP.EMPNO  = DEPT.DEPTNO AND JOB!='CLERK' AND AN_SAL >30000
SQL> /
WHERE EMP.EMPNO  = DEPT.DEPTNO AND JOB!='CLERK' AND AN_SAL >30000
                                                    *
ERROR at line 3:
ORA-00904: "AN_SAL": invalid identifier 


SQL> ED
Wrote file afiedt.buf

  1  SELECT ENAME ,JOB,EMP.SAL*12 AN_SAL,EMP.DEPT,DANME
  2  FROM EMP ,DEPT
  3* WHERE EMP.EMPNO  = DEPT.DEPTNO AND JOB!='CLERK' AND EMP.AN_SAL >30000
SQL> /
WHERE EMP.EMPNO  = DEPT.DEPTNO AND JOB!='CLERK' AND EMP.AN_SAL >30000
                                                    *
ERROR at line 3:
ORA-00904: "EMP"."AN_SAL": invalid identifier 


SQL> ED;
Wrote file afiedt.buf

  1  SELECT ENAME ,JOB,SAL*12 AN_SAL,EMP.DEPT,DANME
  2  FROM EMP ,DEPT
  3* WHERE EMP.EMPNO  = DEPT.DEPTNO AND JOB!='CLERK' AND SAL*12 >30000
SQL> /
SELECT ENAME ,JOB,SAL*12 AN_SAL,EMP.DEPT,DANME
                                         *
ERROR at line 1:
ORA-00904: "DANME": invalid identifier 


SQL> ED;
Wrote file afiedt.buf

  1  SELECT ENAME ,JOB,SAL*12 AN_SAL,EMP.DEPT,DANME
  2  FROM EMP ,DEPT
  3* WHERE EMP.EMPNO  = DEPT.DEPTNO AND JOB NOT IN='CLERK' AND SAL*12 >30000
SQL> /
WHERE EMP.EMPNO  = DEPT.DEPTNO AND JOB NOT IN='CLERK' AND SAL*12 >30000
                                             *
ERROR at line 3:
ORA-00936: missing expression 


SQL> ED;
Wrote file afiedt.buf

  1  SELECT ENAME ,JOB,SAL*12 AN_SAL,EMP.DEPT,DANME
  2  FROM EMP ,DEPT
  3* WHERE EMP.EMPNO  = DEPT.DEPTNO AND JOB NOT IN 'CLERK' AND SAL*12 >30000
SQL> /
SELECT ENAME ,JOB,SAL*12 AN_SAL,EMP.DEPT,DANME
                                         *
ERROR at line 1:
ORA-00904: "DANME": invalid identifier 


SQL> ED;
Wrote file afiedt.buf

  1  SELECT ENAME ,JOB,SAL*12 AN_SAL,EMP.DEPTNO,DANAME
  2  FROM EMP ,DEPT
  3* WHERE EMP.EMPNO  = DEPT.DEPTNO AND JOB NOT IN 'CLERK' AND SAL*12 >30000
SQL> /
SELECT ENAME ,JOB,SAL*12 AN_SAL,EMP.DEPTNO,DANAME
                                           *
ERROR at line 1:
ORA-00904: "DANAME": invalid identifier 


SQL> ED;
Wrote file afiedt.buf

  1  SELECT ENAME ,JOB,SAL*12 AN_SAL,EMP.DEPTNO,DNAME
  2  FROM EMP ,DEPT
  3* WHERE EMP.EMPNO  = DEPT.DEPTNO AND JOB NOT IN 'CLERK' AND SAL*12 >30000
SQL> /

no rows selected

SQL> ED;
Wrote file afiedt.buf

  1  SELECT ENAME ,JOB,SAL*12 AN_SAL,EMP.DEPTNO,DNAME
  2  FROM EMP ,DEPT
  3* WHERE EMP.EMPNO  = DEPT.DEPTNO AND AND SAL*12 >30000 JOB NOT IN 'CLERK' 
SQL> /
WHERE EMP.EMPNO  = DEPT.DEPTNO AND AND SAL*12 >30000 JOB NOT IN 'CLERK' 
                                   *
ERROR at line 3:
ORA-00936: missing expression 


SQL> ED;
Wrote file afiedt.buf

  1  SELECT ENAME ,JOB,SAL*12 AN_SAL,EMP.DEPTNO,DNAME
  2  FROM EMP ,DEPT
  3* WHERE EMP.EMPNO  = DEPT.DEPTNO AND SAL*12 >30000 AND JOB NOT IN 'CLERK' 
SQL> /

no rows selected

SQL> ED;
Wrote file afiedt.buf

  1  SELECT ENAME ,JOB,SAL*12 AN_SAL,EMP.DEPTNO,DNAME
  2  FROM EMP ,DEPT
  3* WHERE EMP.DEPTNO  = DEPT.DEPTNO AND SAL*12 >30000 AND JOB NOT IN 'CLERK' 
SQL> /

ENAME      JOB           AN_SAL     DEPTNO DNAME                                                                                                                                                        
---------- --------- ---------- ---------- --------------                                                                                                                                               
JONES      MANAGER        35700         20 RESEARCH                                                                                                                                                     
BLAKE      MANAGER        34200         30 SALES                                                                                                                                                        
SCOTT      ANALYST        36000         20 RESEARCH                                                                                                                                                     
KING       PRESIDENT      60000         10 ACCOUNTING                                                                                                                                                   
FORD       ANALYST        36000         20 RESEARCH                                                                                                                                                     

SQL> ED;
Wrote file afiedt.buf

  1  SELECT EMP.EMPNO ,EMP.ENAME,E1.MGR,E1.ENAME
  2  FROM EMP ,EMP E1
  3* WHERE EMP.EMPNO  = E1.MGR
SQL> /

     EMPNO ENAME             MGR ENAME                                                                                                                                                                  
---------- ---------- ---------- ----------                                                                                                                                                             
      7902 FORD             7902 SMITH                                                                                                                                                                  
      7698 BLAKE            7698 ALLEN                                                                                                                                                                  
      7698 BLAKE            7698 WARD                                                                                                                                                                   
      7839 KING             7839 JONES                                                                                                                                                                  
      7698 BLAKE            7698 MARTIN                                                                                                                                                                 
      7839 KING             7839 BLAKE                                                                                                                                                                  
      7839 KING             7839 CLARK                                                                                                                                                                  
      7566 JONES            7566 SCOTT                                                                                                                                                                  
      7698 BLAKE            7698 TURNER                                                                                                                                                                 
      7788 SCOTT            7788 ADAMS                                                                                                                                                                  
      7698 BLAKE            7698 JAMES                                                                                                                                                                  
      7566 JONES            7566 FORD                                                                                                                                                                   
      7782 CLARK            7782 MILLER                                                                                                                                                                 

13 rows selected.

SQL> SELECT * FROM EMP;

     EMPNO ENAME      JOB              MGR HIREDATE         SAL       COMM     DEPTNO                                                                                                                   
---------- ---------- --------- ---------- --------- ---------- ---------- ----------                                                                                                                   
      7369 SMITH      CLERK           7902 17-DEC-80        800                    20                                                                                                                   
      7499 ALLEN      SALESMAN        7698 20-FEB-81       1600        300         30                                                                                                                   
      7521 WARD       SALESMAN        7698 22-FEB-81       1250        500         30                                                                                                                   
      7566 JONES      MANAGER         7839 02-APR-81       2975                    20                                                                                                                   
      7654 MARTIN     SALESMAN        7698 28-SEP-81       1250       1400         30                                                                                                                   
      7698 BLAKE      MANAGER         7839 01-MAY-81       2850                    30                                                                                                                   
      7782 CLARK      MANAGER         7839 09-JUN-81       2450                    10                                                                                                                   
      7788 SCOTT      ANALYST         7566 19-APR-87       3000                    20                                                                                                                   
      7839 KING       PRESIDENT            17-NOV-81       5000                    10                                                                                                                   
      7844 TURNER     SALESMAN        7698 08-SEP-81       1500          0         30                                                                                                                   
      7876 ADAMS      CLERK           7788 23-MAY-87       1100                    20                                                                                                                   
      7900 JAMES      CLERK           7698 03-DEC-81        950                    30                                                                                                                   
      7902 FORD       ANALYST         7566 03-DEC-81       3000                    20                                                                                                                   
      7934 MILLER     CLERK           7782 23-JAN-82       1300                    10                                                                                                                   

14 rows selected.

SQL> ED;
Wrote file afiedt.buf

  1  SELECT ENAME,DNAME 
  2  FROM EMP,DEPT
  3* WHERE EMP.DEPTNO(+)=DEPT.DEPTNO
SQL> /

ENAME      DNAME                                                                                                                                                                                        
---------- --------------                                                                                                                                                                               
SMITH      RESEARCH                                                                                                                                                                                     
ALLEN      SALES                                                                                                                                                                                        
WARD       SALES                                                                                                                                                                                        
JONES      RESEARCH                                                                                                                                                                                     
MARTIN     SALES                                                                                                                                                                                        
BLAKE      SALES                                                                                                                                                                                        
CLARK      ACCOUNTING                                                                                                                                                                                   
SCOTT      RESEARCH                                                                                                                                                                                     
KING       ACCOUNTING                                                                                                                                                                                   
TURNER     SALES                                                                                                                                                                                        
ADAMS      RESEARCH                                                                                                                                                                                     
JAMES      SALES                                                                                                                                                                                        
FORD       RESEARCH                                                                                                                                                                                     
MILLER     ACCOUNTING                                                                                                                                                                                   
           OPERATIONS                                                                                                                                                                                   

15 rows selected.

SQL> ED;
Wrote file afiedt.buf

  1  SELECT ENAME,DNAME 
  2  FROM EMP,DEPT
  3* WHERE EMP.DEPTNO(+)=DEPT.DEPTNO AND ENAME IS NULL
SQL> /

ENAME      DNAME                                                                                                                                                                                        
---------- --------------                                                                                                                                                                               
           OPERATIONS                                                                                                                                                                                   

SQL>  ED;
Wrote file afiedt.buf

  1  SELECT DNAME ,SUM(SAL)
  2  FROM EMP,DEPT
  3  WHERE EMP.DEPTNO(+)=DEPT.DEPTNO
  4* GROUP BY DNAME
SQL> /

DNAME            SUM(SAL)                                                                                                                                                                               
-------------- ----------                                                                                                                                                                               
ACCOUNTING           8750                                                                                                                                                                               
OPERATIONS                                                                                                                                                                                              
RESEARCH            10875                                                                                                                                                                               
SALES                9400                                                                                                                                                                               

SQL> RD;
SP2-0042: unknown command "RD" - rest of line ignored.
SQL> ED;
Wrote file afiedt.buf

  1  SELECT DNAME ,SUM(SAL)
  2  FROM EMP,DEPT
  3  WHERE EMP.DEPTNO=DEPT.DEPTNO
  4* GROUP BY DNAME
SQL> /

DNAME            SUM(SAL)                                                                                                                                                                               
-------------- ----------                                                                                                                                                                               
ACCOUNTING           8750                                                                                                                                                                               
RESEARCH            10875                                                                                                                                                                               
SALES                9400                                                                                                                                                                               

SQL> ED;
Wrote file afiedt.buf

  1  SELECT ENAME,DNAME
  2  FROM EMP,DEPT
  3* WHERE EMP.DEPTNO=DEPT.DEPTNO
  4  /

ENAME      DNAME                                                                                                                                                                                        
---------- --------------                                                                                                                                                                               
SMITH      RESEARCH                                                                                                                                                                                     
ALLEN      SALES                                                                                                                                                                                        
WARD       SALES                                                                                                                                                                                        
JONES      RESEARCH                                                                                                                                                                                     
MARTIN     SALES                                                                                                                                                                                        
BLAKE      SALES                                                                                                                                                                                        
CLARK      ACCOUNTING                                                                                                                                                                                   
SCOTT      RESEARCH                                                                                                                                                                                     
KING       ACCOUNTING                                                                                                                                                                                   
TURNER     SALES                                                                                                                                                                                        
ADAMS      RESEARCH                                                                                                                                                                                     
JAMES      SALES                                                                                                                                                                                        
FORD       RESEARCH                                                                                                                                                                                     
MILLER     ACCOUNTING                                                                                                                                                                                   

14 rows selected.

SQL> ED;
Wrote file afiedt.buf

  1  SELECT ENAME,LOC
  2  FROM EMP,DEPT
  3* WHERE EMP.DEPTNO=DEPT.DEPTNO AND COMM IS NOT NULL;
SQL> /
WHERE EMP.DEPTNO=DEPT.DEPTNO AND COMM IS NOT NULL;
                                                 *
ERROR at line 3:
ORA-00911: invalid character 


SQL> ED;
Wrote file afiedt.buf

  1  SELECT ENAME,LOC
  2  FROM EMP,DEPT
  3* WHERE EMP.DEPTNO=DEPT.DEPTNO AND COMM IS NOT NULL
SQL> /

ENAME      LOC                                                                                                                                                                                          
---------- -------------                                                                                                                                                                                
TURNER     CHICAGO                                                                                                                                                                                      
MARTIN     CHICAGO                                                                                                                                                                                      
WARD       CHICAGO                                                                                                                                                                                      
ALLEN      CHICAGO                                                                                                                                                                                      

SQL> SELECT * FROM EMP;

     EMPNO ENAME      JOB              MGR HIREDATE         SAL       COMM     DEPTNO                                                                                                                   
---------- ---------- --------- ---------- --------- ---------- ---------- ----------                                                                                                                   
      7369 SMITH      CLERK           7902 17-DEC-80        800                    20                                                                                                                   
      7499 ALLEN      SALESMAN        7698 20-FEB-81       1600        300         30                                                                                                                   
      7521 WARD       SALESMAN        7698 22-FEB-81       1250        500         30                                                                                                                   
      7566 JONES      MANAGER         7839 02-APR-81       2975                    20                                                                                                                   
      7654 MARTIN     SALESMAN        7698 28-SEP-81       1250       1400         30                                                                                                                   
      7698 BLAKE      MANAGER         7839 01-MAY-81       2850                    30                                                                                                                   
      7782 CLARK      MANAGER         7839 09-JUN-81       2450                    10                                                                                                                   
      7788 SCOTT      ANALYST         7566 19-APR-87       3000                    20                                                                                                                   
      7839 KING       PRESIDENT            17-NOV-81       5000                    10                                                                                                                   
      7844 TURNER     SALESMAN        7698 08-SEP-81       1500          0         30                                                                                                                   
      7876 ADAMS      CLERK           7788 23-MAY-87       1100                    20                                                                                                                   
      7900 JAMES      CLERK           7698 03-DEC-81        950                    30                                                                                                                   
      7902 FORD       ANALYST         7566 03-DEC-81       3000                    20                                                                                                                   
      7934 MILLER     CLERK           7782 23-JAN-82       1300                    10                                                                                                                   

14 rows selected.

SQL> SELECT * FROM DEPT
  2  ;

    DEPTNO DNAME          LOC                                                                                                                                                                           
---------- -------------- -------------                                                                                                                                                                 
        10 ACCOUNTING     NEW YORK                                                                                                                                                                      
        20 RESEARCH       DALLAS                                                                                                                                                                        
        30 SALES          CHICAGO                                                                                                                                                                       
        40 OPERATIONS     BOSTON                                                                                                                                                                        

SQL> ED;
Wrote file afiedt.buf

  1  SELECT ENAME,MIN(SAL)
  2  FROM EMP,DEPT
  3* WHERE EMP.DEPTNO=DEPT.DEPTNO AND MGR IS NULL
  4  /
SELECT ENAME,MIN(SAL)
       *
ERROR at line 1:
ORA-00937: not a single-group group function 


SQL> ED;
Wrote file afiedt.buf

  1  SELECT MIN(SAL)
  2  FROM EMP,DEPT
  3* WHERE EMP.DEPTNO=DEPT.DEPTNO AND MGR IS NULL
SQL> /

  MIN(SAL)                                                                                                                                                                                              
----------                                                                                                                                                                                              
      5000                                                                                                                                                                                              

SQL> ED;
Wrote file afiedt.buf

  1  SELECT MIN(SAL)
  2  FROM EMP,DEPT
  3  WHERE EMP.DEPTNO=DEPT.DEPTNO AND MGR IS NULL
  4* GROUP BY DNAME
SQL> /

  MIN(SAL)                                                                                                                                                                                              
----------                                                                                                                                                                                              
      5000                                                                                                                                                                                              

SQL> ED;
Wrote file afiedt.buf

  1  SELECT DNAME ,ENAME, MIN(SAL)
  2  FROM EMP,DEPT
  3  WHERE EMP.DEPTNO=DEPT.DEPTNO AND MGR IS NULL
  4* GROUP BY DNAME
SQL> /
SELECT DNAME ,ENAME, MIN(SAL)
              *
ERROR at line 1:
ORA-00979: not a GROUP BY expression 


SQL> ED;
Wrote file afiedt.buf

  1  SELECT ENAME, MIN(SAL)
  2  FROM EMP,DEPT
  3  WHERE EMP.DEPTNO=DEPT.DEPTNO AND MGR IS NULL
  4* GROUP BY ENAME
SQL> /

ENAME        MIN(SAL)                                                                                                                                                                                   
---------- ----------                                                                                                                                                                                   
KING             5000                                                                                                                                                                                   

SQL> SPOOL OFF

