SQL> SELECT * FROM EMP;

     EMPNO ENAME      JOB              MGR HIREDATE         SAL       COMM      
---------- ---------- --------- ---------- --------- ---------- ----------      
    DEPTNO                                                                      
----------                                                                      
      7369 SMITH      CLERK           7902 17-DEC-80        800                 
        20                                                                      
                                                                                
      7499 ALLEN      SALESMAN        7698 20-FEB-81       1600        300      
        30                                                                      
                                                                                
      7521 WARD       SALESMAN        7698 22-FEB-81       1250        500      
        30                                                                      
                                                                                

     EMPNO ENAME      JOB              MGR HIREDATE         SAL       COMM      
---------- ---------- --------- ---------- --------- ---------- ----------      
    DEPTNO                                                                      
----------                                                                      
      7566 JONES      MANAGER         7839 02-APR-81       2975                 
        20                                                                      
                                                                                
      7654 MARTIN     SALESMAN        7698 28-SEP-81       1250       1400      
        30                                                                      
                                                                                
      7698 BLAKE      MANAGER         7839 01-MAY-81       2850                 
        30                                                                      
                                                                                

     EMPNO ENAME      JOB              MGR HIREDATE         SAL       COMM      
---------- ---------- --------- ---------- --------- ---------- ----------      
    DEPTNO                                                                      
----------                                                                      
      7782 CLARK      MANAGER         7839 09-JUN-81       2450                 
        10                                                                      
                                                                                
      7788 SCOTT      ANALYST         7566 19-APR-87       3000                 
        20                                                                      
                                                                                
      7839 KING       PRESIDENT            17-NOV-81       5000                 
        10                                                                      
                                                                                

     EMPNO ENAME      JOB              MGR HIREDATE         SAL       COMM      
---------- ---------- --------- ---------- --------- ---------- ----------      
    DEPTNO                                                                      
----------                                                                      
      7844 TURNER     SALESMAN        7698 08-SEP-81       1500          0      
        30                                                                      
                                                                                
      7876 ADAMS      CLERK           7788 23-MAY-87       1100                 
        20                                                                      
                                                                                
      7900 JAMES      CLERK           7698 03-DEC-81        950                 
        30                                                                      
                                                                                

     EMPNO ENAME      JOB              MGR HIREDATE         SAL       COMM      
---------- ---------- --------- ---------- --------- ---------- ----------      
    DEPTNO                                                                      
----------                                                                      
      7902 FORD       ANALYST         7566 03-DEC-81       3000                 
        20                                                                      
                                                                                
      7934 MILLER     CLERK           7782 23-JAN-82       1300                 
        10                                                                      
                                                                                

14 rows selected.

SQL> SET PAGES 200 LINES 200
SQL> ;
  1* SELECT * FROM EMP
SQL> SELECT * FROM EMP;

     EMPNO ENAME      JOB              MGR HIREDATE         SAL       COMM     DEPTNO                                                                                                                   
---------- ---------- --------- ---------- --------- ---------- ---------- ----------                                                                                                                   
      7369 SMITH      CLERK           7902 17-DEC-80        800                    20                                                                                                                   
      7499 ALLEN      SALESMAN        7698 20-FEB-81       1600        300         30                                                                                                                   
      7521 WARD       SALESMAN        7698 22-FEB-81       1250        500         30                                                                                                                   
      7566 JONES      MANAGER         7839 02-APR-81       2975                    20                                                                                                                   
      7654 MARTIN     SALESMAN        7698 28-SEP-81       1250       1400         30                                                                                                                   
      7698 BLAKE      MANAGER         7839 01-MAY-81       2850                    30                                                                                                                   
      7782 CLARK      MANAGER         7839 09-JUN-81       2450                    10                                                                                                                   
      7788 SCOTT      ANALYST         7566 19-APR-87       3000                    20                                                                                                                   
      7839 KING       PRESIDENT            17-NOV-81       5000                    10                                                                                                                   
      7844 TURNER     SALESMAN        7698 08-SEP-81       1500          0         30                                                                                                                   
      7876 ADAMS      CLERK           7788 23-MAY-87       1100                    20                                                                                                                   
      7900 JAMES      CLERK           7698 03-DEC-81        950                    30                                                                                                                   
      7902 FORD       ANALYST         7566 03-DEC-81       3000                    20                                                                                                                   
      7934 MILLER     CLERK           7782 23-JAN-82       1300                    10                                                                                                                   

14 rows selected.

SQL> SELECT ENAME , SALAEY FROM EMP;
SELECT ENAME , SALAEY FROM EMP
               *
ERROR at line 1:
ORA-00904: "SALAEY": invalid identifier 


SQL> ED;
Wrote file afiedt.buf

  1* SELECT ENAME , SALARY FROM EMP
SQL> /
SELECT ENAME , SALARY FROM EMP
               *
ERROR at line 1:
ORA-00904: "SALARY": invalid identifier 


SQL> SELECT ENAME,SAL FROM EMP;

ENAME             SAL                                                                                                                                                                                   
---------- ----------                                                                                                                                                                                   
SMITH             800                                                                                                                                                                                   
ALLEN            1600                                                                                                                                                                                   
WARD             1250                                                                                                                                                                                   
JONES            2975                                                                                                                                                                                   
MARTIN           1250                                                                                                                                                                                   
BLAKE            2850                                                                                                                                                                                   
CLARK            2450                                                                                                                                                                                   
SCOTT            3000                                                                                                                                                                                   
KING             5000                                                                                                                                                                                   
TURNER           1500                                                                                                                                                                                   
ADAMS            1100                                                                                                                                                                                   
JAMES             950                                                                                                                                                                                   
FORD             3000                                                                                                                                                                                   
MILLER           1300                                                                                                                                                                                   

14 rows selected.

SQL> ED;
Wrote file afiedt.buf

  1* SELECT ENAME,DEPTNO FROM EMP
SQL> /

ENAME          DEPTNO                                                                                                                                                                                   
---------- ----------                                                                                                                                                                                   
SMITH              20                                                                                                                                                                                   
ALLEN              30                                                                                                                                                                                   
WARD               30                                                                                                                                                                                   
JONES              20                                                                                                                                                                                   
MARTIN             30                                                                                                                                                                                   
BLAKE              30                                                                                                                                                                                   
CLARK              10                                                                                                                                                                                   
SCOTT              20                                                                                                                                                                                   
KING               10                                                                                                                                                                                   
TURNER             30                                                                                                                                                                                   
ADAMS              20                                                                                                                                                                                   
JAMES              30                                                                                                                                                                                   
FORD               20                                                                                                                                                                                   
MILLER             10                                                                                                                                                                                   

14 rows selected.

SQL> ED;
Wrote file afiedt.buf

  1* SELECT JOB FROM EMP
SQL> /

JOB                                                                                                                                                                                                     
---------                                                                                                                                                                                               
CLERK                                                                                                                                                                                                   
SALESMAN                                                                                                                                                                                                
SALESMAN                                                                                                                                                                                                
MANAGER                                                                                                                                                                                                 
SALESMAN                                                                                                                                                                                                
MANAGER                                                                                                                                                                                                 
MANAGER                                                                                                                                                                                                 
ANALYST                                                                                                                                                                                                 
PRESIDENT                                                                                                                                                                                               
SALESMAN                                                                                                                                                                                                
CLERK                                                                                                                                                                                                   
CLERK                                                                                                                                                                                                   
ANALYST                                                                                                                                                                                                 
CLERK                                                                                                                                                                                                   

14 rows selected.

SQL> ED;
Wrote file afiedt.buf

  1* SELECT EMPNO,ENAME FROM EMP
SQL> /

     EMPNO ENAME                                                                                                                                                                                        
---------- ----------                                                                                                                                                                                   
      7369 SMITH                                                                                                                                                                                        
      7499 ALLEN                                                                                                                                                                                        
      7521 WARD                                                                                                                                                                                         
      7566 JONES                                                                                                                                                                                        
      7654 MARTIN                                                                                                                                                                                       
      7698 BLAKE                                                                                                                                                                                        
      7782 CLARK                                                                                                                                                                                        
      7788 SCOTT                                                                                                                                                                                        
      7839 KING                                                                                                                                                                                         
      7844 TURNER                                                                                                                                                                                       
      7876 ADAMS                                                                                                                                                                                        
      7900 JAMES                                                                                                                                                                                        
      7902 FORD                                                                                                                                                                                         
      7934 MILLER                                                                                                                                                                                       

14 rows selected.

SQL> ED;
Wrote file afiedt.buf

  1* SELECT ENAME,JOB FROM EMP
SQL> /

ENAME      JOB                                                                                                                                                                                          
---------- ---------                                                                                                                                                                                    
SMITH      CLERK                                                                                                                                                                                        
ALLEN      SALESMAN                                                                                                                                                                                     
WARD       SALESMAN                                                                                                                                                                                     
JONES      MANAGER                                                                                                                                                                                      
MARTIN     SALESMAN                                                                                                                                                                                     
BLAKE      MANAGER                                                                                                                                                                                      
CLARK      MANAGER                                                                                                                                                                                      
SCOTT      ANALYST                                                                                                                                                                                      
KING       PRESIDENT                                                                                                                                                                                    
TURNER     SALESMAN                                                                                                                                                                                     
ADAMS      CLERK                                                                                                                                                                                        
JAMES      CLERK                                                                                                                                                                                        
FORD       ANALYST                                                                                                                                                                                      
MILLER     CLERK                                                                                                                                                                                        

14 rows selected.

SQL> ED;
Wrote file afiedt.buf

  1* SELECT SAL+COMM FROM EMP
SQL> /

  SAL+COMM                                                                                                                                                                                              
----------                                                                                                                                                                                              
                                                                                                                                                                                                        
      1900                                                                                                                                                                                              
      1750                                                                                                                                                                                              
                                                                                                                                                                                                        
      2650                                                                                                                                                                                              
                                                                                                                                                                                                        
                                                                                                                                                                                                        
                                                                                                                                                                                                        
                                                                                                                                                                                                        
      1500                                                                                                                                                                                              
                                                                                                                                                                                                        
                                                                                                                                                                                                        
                                                                                                                                                                                                        
                                                                                                                                                                                                        

14 rows selected.

SQL> ED;
Wrote file afiedt.buf

  1* SELECT SAL*12 ANUAL_SAL FROM EMP
SQL> /

 ANUAL_SAL                                                                                                                                                                                              
----------                                                                                                                                                                                              
      9600                                                                                                                                                                                              
     19200                                                                                                                                                                                              
     15000                                                                                                                                                                                              
     35700                                                                                                                                                                                              
     15000                                                                                                                                                                                              
     34200                                                                                                                                                                                              
     29400                                                                                                                                                                                              
     36000                                                                                                                                                                                              
     60000                                                                                                                                                                                              
     18000                                                                                                                                                                                              
     13200                                                                                                                                                                                              
     11400                                                                                                                                                                                              
     36000                                                                                                                                                                                              
     15600                                                                                                                                                                                              

14 rows selected.

SQL> ED;
Wrote file afiedt.buf

  1* SELECT SAL*12 ANUAL_SAL , (SAL*12)/6 HALF_TERM_SAL FROM EMP
SQL> /

 ANUAL_SAL HALF_TERM_SAL                                                                                                                                                                                
---------- -------------                                                                                                                                                                                
      9600          1600                                                                                                                                                                                
     19200          3200                                                                                                                                                                                
     15000          2500                                                                                                                                                                                
     35700          5950                                                                                                                                                                                
     15000          2500                                                                                                                                                                                
     34200          5700                                                                                                                                                                                
     29400          4900                                                                                                                                                                                
     36000          6000                                                                                                                                                                                
     60000         10000                                                                                                                                                                                
     18000          3000                                                                                                                                                                                
     13200          2200                                                                                                                                                                                
     11400          1900                                                                                                                                                                                
     36000          6000                                                                                                                                                                                
     15600          2600                                                                                                                                                                                

14 rows selected.

SQL> ED;
Wrote file afiedt.buf

  1* SELECT SAL*12 ANUAL_SAL , (SAL*12)/2 HALF_TERM_SAL FROM EMP
SQL> /

 ANUAL_SAL HALF_TERM_SAL                                                                                                                                                                                
---------- -------------                                                                                                                                                                                
      9600          4800                                                                                                                                                                                
     19200          9600                                                                                                                                                                                
     15000          7500                                                                                                                                                                                
     35700         17850                                                                                                                                                                                
     15000          7500                                                                                                                                                                                
     34200         17100                                                                                                                                                                                
     29400         14700                                                                                                                                                                                
     36000         18000                                                                                                                                                                                
     60000         30000                                                                                                                                                                                
     18000          9000                                                                                                                                                                                
     13200          6600                                                                                                                                                                                
     11400          5700                                                                                                                                                                                
     36000         18000                                                                                                                                                                                
     15600          7800                                                                                                                                                                                

14 rows selected.

SQL> ED;
Wrote file afiedt.buf

  1* SELECT ENAME,SAL+(SAL*15)/100 HIKE_SAL FROM EMP
SQL> /

ENAME        HIKE_SAL                                                                                                                                                                                   
---------- ----------                                                                                                                                                                                   
SMITH             920                                                                                                                                                                                   
ALLEN            1840                                                                                                                                                                                   
WARD           1437.5                                                                                                                                                                                   
JONES         3421.25                                                                                                                                                                                   
MARTIN         1437.5                                                                                                                                                                                   
BLAKE          3277.5                                                                                                                                                                                   
CLARK          2817.5                                                                                                                                                                                   
SCOTT            3450                                                                                                                                                                                   
KING             5750                                                                                                                                                                                   
TURNER           1725                                                                                                                                                                                   
ADAMS            1265                                                                                                                                                                                   
JAMES          1092.5                                                                                                                                                                                   
FORD             3450                                                                                                                                                                                   
MILLER           1495                                                                                                                                                                                   

14 rows selected.

SQL> ED;
Wrote file afiedt.buf

  1* SELECT ENAME,SAL-(SAL*19)/100 HIKE_SAL FROM EMP
SQL> /

ENAME        HIKE_SAL                                                                                                                                                                                   
---------- ----------                                                                                                                                                                                   
SMITH             648                                                                                                                                                                                   
ALLEN            1296                                                                                                                                                                                   
WARD           1012.5                                                                                                                                                                                   
JONES         2409.75                                                                                                                                                                                   
MARTIN         1012.5                                                                                                                                                                                   
BLAKE          2308.5                                                                                                                                                                                   
CLARK          1984.5                                                                                                                                                                                   
SCOTT            2430                                                                                                                                                                                   
KING             4050                                                                                                                                                                                   
TURNER           1215                                                                                                                                                                                   
ADAMS             891                                                                                                                                                                                   
JAMES           769.5                                                                                                                                                                                   
FORD             2430                                                                                                                                                                                   
MILLER           1053                                                                                                                                                                                   

14 rows selected.

SQL> ED;
Wrote file afiedt.buf

  1* SELECT ENAME,SAL+500 HIKE_SAL FROM EMP
SQL> /

ENAME        HIKE_SAL                                                                                                                                                                                   
---------- ----------                                                                                                                                                                                   
SMITH            1300                                                                                                                                                                                   
ALLEN            2100                                                                                                                                                                                   
WARD             1750                                                                                                                                                                                   
JONES            3475                                                                                                                                                                                   
MARTIN           1750                                                                                                                                                                                   
BLAKE            3350                                                                                                                                                                                   
CLARK            2950                                                                                                                                                                                   
SCOTT            3500                                                                                                                                                                                   
KING             5500                                                                                                                                                                                   
TURNER           2000                                                                                                                                                                                   
ADAMS            1600                                                                                                                                                                                   
JAMES            1450                                                                                                                                                                                   
FORD             3500                                                                                                                                                                                   
MILLER           1800                                                                                                                                                                                   

14 rows selected.

SQL> ED;
Wrote file afiedt.buf

  1* SELECT * FROM (SELECT * FROM EMP) 
  2  /

     EMPNO ENAME      JOB              MGR HIREDATE         SAL       COMM     DEPTNO                                                                                                                   
---------- ---------- --------- ---------- --------- ---------- ---------- ----------                                                                                                                   
      7369 SMITH      CLERK           7902 17-DEC-80        800                    20                                                                                                                   
      7499 ALLEN      SALESMAN        7698 20-FEB-81       1600        300         30                                                                                                                   
      7521 WARD       SALESMAN        7698 22-FEB-81       1250        500         30                                                                                                                   
      7566 JONES      MANAGER         7839 02-APR-81       2975                    20                                                                                                                   
      7654 MARTIN     SALESMAN        7698 28-SEP-81       1250       1400         30                                                                                                                   
      7698 BLAKE      MANAGER         7839 01-MAY-81       2850                    30                                                                                                                   
      7782 CLARK      MANAGER         7839 09-JUN-81       2450                    10                                                                                                                   
      7788 SCOTT      ANALYST         7566 19-APR-87       3000                    20                                                                                                                   
      7839 KING       PRESIDENT            17-NOV-81       5000                    10                                                                                                                   
      7844 TURNER     SALESMAN        7698 08-SEP-81       1500          0         30                                                                                                                   
      7876 ADAMS      CLERK           7788 23-MAY-87       1100                    20                                                                                                                   
      7900 JAMES      CLERK           7698 03-DEC-81        950                    30                                                                                                                   
      7902 FORD       ANALYST         7566 03-DEC-81       3000                    20                                                                                                                   
      7934 MILLER     CLERK           7782 23-JAN-82       1300                    10                                                                                                                   

14 rows selected.

SQL> ED;
Wrote file afiedt.buf

  1* SELECT (SAL*12) FROM (SELECT * FROM EMP) 
SQL> /

  (SAL*12)                                                                                                                                                                                              
----------                                                                                                                                                                                              
      9600                                                                                                                                                                                              
     19200                                                                                                                                                                                              
     15000                                                                                                                                                                                              
     35700                                                                                                                                                                                              
     15000                                                                                                                                                                                              
     34200                                                                                                                                                                                              
     29400                                                                                                                                                                                              
     36000                                                                                                                                                                                              
     60000                                                                                                                                                                                              
     18000                                                                                                                                                                                              
     13200                                                                                                                                                                                              
     11400                                                                                                                                                                                              
     36000                                                                                                                                                                                              
     15600                                                                                                                                                                                              

14 rows selected.

SQL> ED;
Wrote file afiedt.buf

  1* SELECT * FROM (SELECT (SAL*12) FROM EMP) 
SQL> /

  (SAL*12)                                                                                                                                                                                              
----------                                                                                                                                                                                              
      9600                                                                                                                                                                                              
     19200                                                                                                                                                                                              
     15000                                                                                                                                                                                              
     35700                                                                                                                                                                                              
     15000                                                                                                                                                                                              
     34200                                                                                                                                                                                              
     29400                                                                                                                                                                                              
     36000                                                                                                                                                                                              
     60000                                                                                                                                                                                              
     18000                                                                                                                                                                                              
     13200                                                                                                                                                                                              
     11400                                                                                                                                                                                              
     36000                                                                                                                                                                                              
     15600                                                                                                                                                                                              

14 rows selected.

SQL> ED;
Wrote file afiedt.buf

  1  SELECT * FROM EMP 
  2* WHRE SAL=(SELECT (SAL*12) ANUAL_SAL FROM EMP)
SQL> /
WHRE SAL=(SELECT (SAL*12) ANUAL_SAL FROM EMP)
     *
ERROR at line 2:
ORA-00933: SQL command not properly ended 


SQL> ED;
Wrote file afiedt.buf

  1  SELECT * FROM EMP 
  2* WHERE SAL=(SELECT (SAL*12) ANUAL_SAL FROM EMP)
SQL> /
WHERE SAL=(SELECT (SAL*12) ANUAL_SAL FROM EMP)
           *
ERROR at line 2:
ORA-01427: single-row subquery returns more than one row 


SQL> ED;
Wrote file afiedt.buf

  1  SELECT  EMPNO,ENAME,JOB,MGR HIREDATE,SAL,SAL*12 ANUAL_SAL,COMM,DEPTNO
  2* FROM EMP
SQL> /

     EMPNO ENAME      JOB         HIREDATE        SAL  ANUAL_SAL       COMM     DEPTNO                                                                                                                  
---------- ---------- --------- ---------- ---------- ---------- ---------- ----------                                                                                                                  
      7369 SMITH      CLERK           7902        800       9600                    20                                                                                                                  
      7499 ALLEN      SALESMAN        7698       1600      19200        300         30                                                                                                                  
      7521 WARD       SALESMAN        7698       1250      15000        500         30                                                                                                                  
      7566 JONES      MANAGER         7839       2975      35700                    20                                                                                                                  
      7654 MARTIN     SALESMAN        7698       1250      15000       1400         30                                                                                                                  
      7698 BLAKE      MANAGER         7839       2850      34200                    30                                                                                                                  
      7782 CLARK      MANAGER         7839       2450      29400                    10                                                                                                                  
      7788 SCOTT      ANALYST         7566       3000      36000                    20                                                                                                                  
      7839 KING       PRESIDENT                  5000      60000                    10                                                                                                                  
      7844 TURNER     SALESMAN        7698       1500      18000          0         30                                                                                                                  
      7876 ADAMS      CLERK           7788       1100      13200                    20                                                                                                                  
      7900 JAMES      CLERK           7698        950      11400                    30                                                                                                                  
      7902 FORD       ANALYST         7566       3000      36000                    20                                                                                                                  
      7934 MILLER     CLERK           7782       1300      15600                    10                                                                                                                  

14 rows selected.

SQL> ED
Wrote file afiedt.buf

  1  SELECT  EMPNO,ENAME,JOB,MGR HIREDATE,SAL,SAL*12 ANUAL_SAL,COMM,DEPTNO
  2  FROM EMP
  3* WHERE DEPTNO=10
SQL> /

     EMPNO ENAME      JOB         HIREDATE        SAL  ANUAL_SAL       COMM     DEPTNO                                                                                                                  
---------- ---------- --------- ---------- ---------- ---------- ---------- ----------                                                                                                                  
      7782 CLARK      MANAGER         7839       2450      29400                    10                                                                                                                  
      7839 KING       PRESIDENT                  5000      60000                    10                                                                                                                  
      7934 MILLER     CLERK           7782       1300      15600                    10                                                                                                                  

SQL> ED;
Wrote file afiedt.buf

  1  SELECT  EMPNO,ENAME,JOB,MGR HIREDATE,SAL,SAL*12 ANUAL_SAL,COMM,DEPTNO
  2  FROM EMP
  3* WHERE SAL>1200
SQL> /

     EMPNO ENAME      JOB         HIREDATE        SAL  ANUAL_SAL       COMM     DEPTNO                                                                                                                  
---------- ---------- --------- ---------- ---------- ---------- ---------- ----------                                                                                                                  
      7499 ALLEN      SALESMAN        7698       1600      19200        300         30                                                                                                                  
      7521 WARD       SALESMAN        7698       1250      15000        500         30                                                                                                                  
      7566 JONES      MANAGER         7839       2975      35700                    20                                                                                                                  
      7654 MARTIN     SALESMAN        7698       1250      15000       1400         30                                                                                                                  
      7698 BLAKE      MANAGER         7839       2850      34200                    30                                                                                                                  
      7782 CLARK      MANAGER         7839       2450      29400                    10                                                                                                                  
      7788 SCOTT      ANALYST         7566       3000      36000                    20                                                                                                                  
      7839 KING       PRESIDENT                  5000      60000                    10                                                                                                                  
      7844 TURNER     SALESMAN        7698       1500      18000          0         30                                                                                                                  
      7902 FORD       ANALYST         7566       3000      36000                    20                                                                                                                  
      7934 MILLER     CLERK           7782       1300      15600                    10                                                                                                                  

11 rows selected.

SQL> 
SQL> ED;
Wrote file afiedt.buf

  1  SELECT  EMPNO,ENAME,JOB,MGR HIREDATE,SAL,SAL*12 ANUAL_SAL,COMM,DEPTNO
  2  FROM EMP
  3* WHERE SAL>1200
SQL> ED;
Wrote file afiedt.buf

  1  SELECT  *
  2  FROM EMP
  3* WHERE COMM IS NULL
SQL> /

     EMPNO ENAME      JOB              MGR HIREDATE         SAL       COMM     DEPTNO                                                                                                                   
---------- ---------- --------- ---------- --------- ---------- ---------- ----------                                                                                                                   
      7369 SMITH      CLERK           7902 17-DEC-80        800                    20                                                                                                                   
      7566 JONES      MANAGER         7839 02-APR-81       2975                    20                                                                                                                   
      7698 BLAKE      MANAGER         7839 01-MAY-81       2850                    30                                                                                                                   
      7782 CLARK      MANAGER         7839 09-JUN-81       2450                    10                                                                                                                   
      7788 SCOTT      ANALYST         7566 19-APR-87       3000                    20                                                                                                                   
      7839 KING       PRESIDENT            17-NOV-81       5000                    10                                                                                                                   
      7876 ADAMS      CLERK           7788 23-MAY-87       1100                    20                                                                                                                   
      7900 JAMES      CLERK           7698 03-DEC-81        950                    30                                                                                                                   
      7902 FORD       ANALYST         7566 03-DEC-81       3000                    20                                                                                                                   
      7934 MILLER     CLERK           7782 23-JAN-82       1300                    10                                                                                                                   

10 rows selected.

SQL> ED;
Wrote file afiedt.buf

  1  SELECT  *
  2  FROM EMP
  3* WHERE MGR IS NULL
SQL> /

     EMPNO ENAME      JOB              MGR HIREDATE         SAL       COMM     DEPTNO                                                                                                                   
---------- ---------- --------- ---------- --------- ---------- ---------- ----------                                                                                                                   
      7839 KING       PRESIDENT            17-NOV-81       5000                    10                                                                                                                   

SQL> ED;
Wrote file afiedt.buf

  1  SELECT  *
  2  FROM EMP
  3* WHERE JOB='SALESMAN' AND DEPTNO=30
SQL> /

     EMPNO ENAME      JOB              MGR HIREDATE         SAL       COMM     DEPTNO                                                                                                                   
---------- ---------- --------- ---------- --------- ---------- ---------- ----------                                                                                                                   
      7499 ALLEN      SALESMAN        7698 20-FEB-81       1600        300         30                                                                                                                   
      7521 WARD       SALESMAN        7698 22-FEB-81       1250        500         30                                                                                                                   
      7654 MARTIN     SALESMAN        7698 28-SEP-81       1250       1400         30                                                                                                                   
      7844 TURNER     SALESMAN        7698 08-SEP-81       1500          0         30                                                                                                                   

SQL> ED;
Wrote file afiedt.buf

  1  SELECT  *
  2  FROM EMP
  3* WHERE JOB='SALESMAN' AND DEPTNO=30 AND SAL>1500
SQL> /

     EMPNO ENAME      JOB              MGR HIREDATE         SAL       COMM     DEPTNO                                                                                                                   
---------- ---------- --------- ---------- --------- ---------- ---------- ----------                                                                                                                   
      7499 ALLEN      SALESMAN        7698 20-FEB-81       1600        300         30                                                                                                                   

SQL> ED;
Wrote file afiedt.buf

  1  SELECT  *
  2  FROM EMP
  3* WHERE ENAME LIKE'A%' OR ENAME LIKE'S%'
SQL> /

     EMPNO ENAME      JOB              MGR HIREDATE         SAL       COMM     DEPTNO                                                                                                                   
---------- ---------- --------- ---------- --------- ---------- ---------- ----------                                                                                                                   
      7369 SMITH      CLERK           7902 17-DEC-80        800                    20                                                                                                                   
      7499 ALLEN      SALESMAN        7698 20-FEB-81       1600        300         30                                                                                                                   
      7788 SCOTT      ANALYST         7566 19-APR-87       3000                    20                                                                                                                   
      7876 ADAMS      CLERK           7788 23-MAY-87       1100                    20                                                                                                                   

SQL> ED;
Wrote file afiedt.buf

  1  SELECT  *
  2  FROM EMP
  3* WHERE DEPTNO NOT IN (10,20)
SQL> /

     EMPNO ENAME      JOB              MGR HIREDATE         SAL       COMM     DEPTNO                                                                                                                   
---------- ---------- --------- ---------- --------- ---------- ---------- ----------                                                                                                                   
      7499 ALLEN      SALESMAN        7698 20-FEB-81       1600        300         30                                                                                                                   
      7521 WARD       SALESMAN        7698 22-FEB-81       1250        500         30                                                                                                                   
      7654 MARTIN     SALESMAN        7698 28-SEP-81       1250       1400         30                                                                                                                   
      7698 BLAKE      MANAGER         7839 01-MAY-81       2850                    30                                                                                                                   
      7844 TURNER     SALESMAN        7698 08-SEP-81       1500          0         30                                                                                                                   
      7900 JAMES      CLERK           7698 03-DEC-81        950                    30                                                                                                                   

6 rows selected.

SQL>  SELECT  *
  2   FROM EMP
  3   WHERE ENAME NOT  LIKE'S%';

     EMPNO ENAME      JOB              MGR HIREDATE         SAL       COMM     DEPTNO                                                                                                                   
---------- ---------- --------- ---------- --------- ---------- ---------- ----------                                                                                                                   
      7499 ALLEN      SALESMAN        7698 20-FEB-81       1600        300         30                                                                                                                   
      7521 WARD       SALESMAN        7698 22-FEB-81       1250        500         30                                                                                                                   
      7566 JONES      MANAGER         7839 02-APR-81       2975                    20                                                                                                                   
      7654 MARTIN     SALESMAN        7698 28-SEP-81       1250       1400         30                                                                                                                   
      7698 BLAKE      MANAGER         7839 01-MAY-81       2850                    30                                                                                                                   
      7782 CLARK      MANAGER         7839 09-JUN-81       2450                    10                                                                                                                   
      7839 KING       PRESIDENT            17-NOV-81       5000                    10                                                                                                                   
      7844 TURNER     SALESMAN        7698 08-SEP-81       1500          0         30                                                                                                                   
      7876 ADAMS      CLERK           7788 23-MAY-87       1100                    20                                                                                                                   
      7900 JAMES      CLERK           7698 03-DEC-81        950                    30                                                                                                                   
      7902 FORD       ANALYST         7566 03-DEC-81       3000                    20                                                                                                                   
      7934 MILLER     CLERK           7782 23-JAN-82       1300                    10                                                                                                                   

12 rows selected.

SQL> ED;
Wrote file afiedt.buf

  1   SELECT  MGR
  2   FROM EMP
  3* WHERE DEPTNO=10
  4  /

       MGR                                                                                                                                                                                              
----------                                                                                                                                                                                              
      7839                                                                                                                                                                                              
                                                                                                                                                                                                        
      7782                                                                                                                                                                                              

SQL> ED;
Wrote file afiedt.buf

  1   SELECT  *
  2   FROM EMP
  3* WHERE DEPTNO=10 AND MGR IS NOT NULL
SQL> /

     EMPNO ENAME      JOB              MGR HIREDATE         SAL       COMM     DEPTNO                                                                                                                   
---------- ---------- --------- ---------- --------- ---------- ---------- ----------                                                                                                                   
      7782 CLARK      MANAGER         7839 09-JUN-81       2450                    10                                                                                                                   
      7934 MILLER     CLERK           7782 23-JAN-82       1300                    10                                                                                                                   

SQL> ED;
Wrote file afiedt.buf

  1   SELECT  *
  2   FROM EMP
  3* WHERE DEPTNO IN(10,20) AND MGR IS NULL
SQL> /

     EMPNO ENAME      JOB              MGR HIREDATE         SAL       COMM     DEPTNO                                                                                                                   
---------- ---------- --------- ---------- --------- ---------- ---------- ----------                                                                                                                   
      7839 KING       PRESIDENT            17-NOV-81       5000                    10                                                                                                                   

SQL> ED;
Wrote file afiedt.buf

  1   SELECT  *
  2   FROM EMP
  3* WHERE DEPTNO =30 AND JOB='SALESMAN'  AND SAL>2450
SQL> /

no rows selected

SQL> ED;
Wrote file afiedt.buf

  1   SELECT  *
  2   FROM EMP
  3* WHERE DEPTNO =30 AND JOB='ANALYST'  AND SAL>2500
SQL> /

no rows selected

SQL> ED;
Wrote file afiedt.buf

  1   SELECT  *
  2   FROM EMP
  3* WHERE DEPTNO =20 AND JOB='ANALYST'  AND SAL>2500
SQL> /

     EMPNO ENAME      JOB              MGR HIREDATE         SAL       COMM     DEPTNO                                                                                                                   
---------- ---------- --------- ---------- --------- ---------- ---------- ----------                                                                                                                   
      7788 SCOTT      ANALYST         7566 19-APR-87       3000                    20                                                                                                                   
      7902 FORD       ANALYST         7566 03-DEC-81       3000                    20                                                                                                                   

SQL>  ED;
Wrote file afiedt.buf

  1   SELECT  DISTINCT SAL,ENAME
  2*  FROM EMP
  3  /

       SAL ENAME                                                                                                                                                                                        
---------- ----------                                                                                                                                                                                   
      1600 ALLEN                                                                                                                                                                                        
      1500 TURNER                                                                                                                                                                                       
      5000 KING                                                                                                                                                                                         
      1250 MARTIN                                                                                                                                                                                       
      1250 WARD                                                                                                                                                                                         
      1300 MILLER                                                                                                                                                                                       
       800 SMITH                                                                                                                                                                                        
      2450 CLARK                                                                                                                                                                                        
      3000 SCOTT                                                                                                                                                                                        
      1100 ADAMS                                                                                                                                                                                        
      2850 BLAKE                                                                                                                                                                                        
      2975 JONES                                                                                                                                                                                        
       950 JAMES                                                                                                                                                                                        
      3000 FORD                                                                                                                                                                                         

14 rows selected.

SQL> SELECT * FROM EMP;

     EMPNO ENAME      JOB              MGR HIREDATE         SAL       COMM     DEPTNO                                                                                                                   
---------- ---------- --------- ---------- --------- ---------- ---------- ----------                                                                                                                   
      7369 SMITH      CLERK           7902 17-DEC-80        800                    20                                                                                                                   
      7499 ALLEN      SALESMAN        7698 20-FEB-81       1600        300         30                                                                                                                   
      7521 WARD       SALESMAN        7698 22-FEB-81       1250        500         30                                                                                                                   
      7566 JONES      MANAGER         7839 02-APR-81       2975                    20                                                                                                                   
      7654 MARTIN     SALESMAN        7698 28-SEP-81       1250       1400         30                                                                                                                   
      7698 BLAKE      MANAGER         7839 01-MAY-81       2850                    30                                                                                                                   
      7782 CLARK      MANAGER         7839 09-JUN-81       2450                    10                                                                                                                   
      7788 SCOTT      ANALYST         7566 19-APR-87       3000                    20                                                                                                                   
      7839 KING       PRESIDENT            17-NOV-81       5000                    10                                                                                                                   
      7844 TURNER     SALESMAN        7698 08-SEP-81       1500          0         30                                                                                                                   
      7876 ADAMS      CLERK           7788 23-MAY-87       1100                    20                                                                                                                   
      7900 JAMES      CLERK           7698 03-DEC-81        950                    30                                                                                                                   
      7902 FORD       ANALYST         7566 03-DEC-81       3000                    20                                                                                                                   
      7934 MILLER     CLERK           7782 23-JAN-82       1300                    10                                                                                                                   

14 rows selected.

SQL> ED;
Wrote file afiedt.buf

  1* SELECT SUM(SAL) FROM EMP
SQL> /

  SUM(SAL)                                                                                                                                                                                              
----------                                                                                                                                                                                              
     29025                                                                                                                                                                                              

SQL> ED;
Wrote file afiedt.buf

  1* SELECT MIN(SAL) FROM EMP
SQL> /

  MIN(SAL)                                                                                                                                                                                              
----------                                                                                                                                                                                              
       800                                                                                                                                                                                              

SQL> ED;
Wrote file afiedt.buf

  1* SELECT MAX(SAL) FROM EMP
SQL> /

  MAX(SAL)                                                                                                                                                                                              
----------                                                                                                                                                                                              
      5000                                                                                                                                                                                              

SQL> ED;
Wrote file afiedt.buf

  1* SELECT AVG(SAL) FROM EMP
SQL> /

  AVG(SAL)                                                                                                                                                                                              
----------                                                                                                                                                                                              
2073.21429                                                                                                                                                                                              

SQL> ED;
Wrote file afiedt.buf

  1* SELECT COUNT(SAL) FROM EMP
SQL> /

COUNT(SAL)                                                                                                                                                                                              
----------                                                                                                                                                                                              
        14                                                                                                                                                                                              

SQL> SPOOL OFF
