SQL> connect scott;
Connected.
SQL> cl scr;
SQL> select * from emp;

     EMPNO ENAME      JOB              MGR HIREDATE         SAL       COMM     DEPTNO                                                                                                                   
---------- ---------- --------- ---------- --------- ---------- ---------- ----------                                                                                                                   
      7369 SMITH      CLERK           7902 17-DEC-80        800                    20                                                                                                                   
      7499 ALLEN      SALESMAN        7698 20-FEB-81       1600        300         30                                                                                                                   
      7521 WARD       SALESMAN        7698 22-FEB-81       1250        500         30                                                                                                                   
      7566 JONES      MANAGER         7839 02-APR-81       2975                    20                                                                                                                   
      7654 MARTIN     SALESMAN        7698 28-SEP-81       1250       1400         30                                                                                                                   
      7698 BLAKE      MANAGER         7839 01-MAY-81       2850                    30                                                                                                                   
      7782 CLARK      MANAGER         7839 09-JUN-81       2450                    10                                                                                                                   
      7788 SCOTT      ANALYST         7566 19-APR-87       3000                    20                                                                                                                   
      7839 KING       PRESIDENT            17-NOV-81       5000                    10                                                                                                                   
      7844 TURNER     SALESMAN        7698 08-SEP-81       1500          0         30                                                                                                                   
      7876 ADAMS      CLERK           7788 23-MAY-87       1100                    20                                                                                                                   
      7900 JAMES      CLERK           7698 03-DEC-81        950                    30                                                                                                                   
      7902 FORD       ANALYST         7566 03-DEC-81       3000                    20                                                                                                                   
      7934 MILLER     CLERK           7782 23-JAN-82       1300                    10                                                                                                                   

14 rows selected.

SQL> desc emp;
 Name                                                                                                              Null?    Type
 ----------------------------------------------------------------------------------------------------------------- -------- ----------------------------------------------------------------------------
 EMPNO                                                                                                             NOT NULL NUMBER(4)
 ENAME                                                                                                                      VARCHAR2(10)
 JOB                                                                                                                        VARCHAR2(9)
 MGR                                                                                                                        NUMBER(4)
 HIREDATE                                                                                                                   DATE
 SAL                                                                                                                        NUMBER(7,2)
 COMM                                                                                                                       NUMBER(7,2)
 DEPTNO                                                                                                                     NUMBER(2)

SQL> select * from dept;

    DEPTNO DNAME          LOC                                                                                                                                                                           
---------- -------------- -------------                                                                                                                                                                 
        10 ACCOUNTING     NEW YORK                                                                                                                                                                      
        20 RESEARCH       DALLAS                                                                                                                                                                        
        30 SALES          CHICAGO                                                                                                                                                                       
        40 OPERATIONS     BOSTON                                                                                                                                                                        

SQL>   SELECT * FROM EMP;

     EMPNO ENAME      JOB              MGR HIREDATE         SAL       COMM     DEPTNO                                                                                                                   
---------- ---------- --------- ---------- --------- ---------- ---------- ----------                                                                                                                   
      7369 SMITH      CLERK           7902 17-DEC-80        800                    20                                                                                                                   
      7499 ALLEN      SALESMAN        7698 20-FEB-81       1600        300         30                                                                                                                   
      7521 WARD       SALESMAN        7698 22-FEB-81       1250        500         30                                                                                                                   
      7566 JONES      MANAGER         7839 02-APR-81       2975                    20                                                                                                                   
      7654 MARTIN     SALESMAN        7698 28-SEP-81       1250       1400         30                                                                                                                   
      7698 BLAKE      MANAGER         7839 01-MAY-81       2850                    30                                                                                                                   
      7782 CLARK      MANAGER         7839 09-JUN-81       2450                    10                                                                                                                   
      7788 SCOTT      ANALYST         7566 19-APR-87       3000                    20                                                                                                                   
      7839 KING       PRESIDENT            17-NOV-81       5000                    10                                                                                                                   
      7844 TURNER     SALESMAN        7698 08-SEP-81       1500          0         30                                                                                                                   
      7876 ADAMS      CLERK           7788 23-MAY-87       1100                    20                                                                                                                   
      7900 JAMES      CLERK           7698 03-DEC-81        950                    30                                                                                                                   
      7902 FORD       ANALYST         7566 03-DEC-81       3000                    20                                                                                                                   
      7934 MILLER     CLERK           7782 23-JAN-82       1300                    10                                                                                                                   

14 rows selected.

SQL>  SELECT  ED
  2  ;

*
ERROR at line 2:
ORA-00923: FROM keyword not found where expected 


SQL> ED
Wrote file afiedt.buf

  1   SELECT * FROM EMP
  2* WHERE DEPTNO=10;
  3  /
WHERE DEPTNO=10;
               *
ERROR at line 2:
ORA-00911: invalid character 


SQL> R;
  1   SELECT * FROM EMP
  2* WHERE DEPTNO=10;
WHERE DEPTNO=10;
               *
ERROR at line 2:
ORA-00911: invalid character 


SQL> SELECT * FROM EMP
  2  WHERE DEPTNO=10;

     EMPNO ENAME      JOB              MGR HIREDATE         SAL       COMM     DEPTNO                                                                                                                   
---------- ---------- --------- ---------- --------- ---------- ---------- ----------                                                                                                                   
      7782 CLARK      MANAGER         7839 09-JUN-81       2450                    10                                                                                                                   
      7839 KING       PRESIDENT            17-NOV-81       5000                    10                                                                                                                   
      7934 MILLER     CLERK           7782 23-JAN-82       1300                    10                                                                                                                   

SQL> LIST
  1  SELECT * FROM EMP
  2* WHERE DEPTNO=10
SQL> /

     EMPNO ENAME      JOB              MGR HIREDATE         SAL       COMM     DEPTNO                                                                                                                   
---------- ---------- --------- ---------- --------- ---------- ---------- ----------                                                                                                                   
      7782 CLARK      MANAGER         7839 09-JUN-81       2450                    10                                                                                                                   
      7839 KING       PRESIDENT            17-NOV-81       5000                    10                                                                                                                   
      7934 MILLER     CLERK           7782 23-JAN-82       1300                    10                                                                                                                   

SQL> R;
  1  SELECT * FROM EMP
  2* WHERE DEPTNO=10

     EMPNO ENAME      JOB              MGR HIREDATE         SAL       COMM     DEPTNO                                                                                                                   
---------- ---------- --------- ---------- --------- ---------- ---------- ----------                                                                                                                   
      7782 CLARK      MANAGER         7839 09-JUN-81       2450                    10                                                                                                                   
      7839 KING       PRESIDENT            17-NOV-81       5000                    10                                                                                                                   
      7934 MILLER     CLERK           7782 23-JAN-82       1300                    10                                                                                                                   

SQL> RUN;
  1  SELECT * FROM EMP
  2* WHERE DEPTNO=10

     EMPNO ENAME      JOB              MGR HIREDATE         SAL       COMM     DEPTNO                                                                                                                   
---------- ---------- --------- ---------- --------- ---------- ---------- ----------                                                                                                                   
      7782 CLARK      MANAGER         7839 09-JUN-81       2450                    10                                                                                                                   
      7839 KING       PRESIDENT            17-NOV-81       5000                    10                                                                                                                   
      7934 MILLER     CLERK           7782 23-JAN-82       1300                    10                                                                                                                   

SQL> R
  1  SELECT * FROM EMP
  2* WHERE DEPTNO=10

     EMPNO ENAME      JOB              MGR HIREDATE         SAL       COMM     DEPTNO                                                                                                                   
---------- ---------- --------- ---------- --------- ---------- ---------- ----------                                                                                                                   
      7782 CLARK      MANAGER         7839 09-JUN-81       2450                    10                                                                                                                   
      7839 KING       PRESIDENT            17-NOV-81       5000                    10                                                                                                                   
      7934 MILLER     CLERK           7782 23-JAN-82       1300                    10                                                                                                                   

SQL> R
  1  SELECT * FROM EMP
  2* WHERE DEPTNO=10

     EMPNO ENAME      JOB              MGR HIREDATE         SAL       COMM     DEPTNO                                                                                                                   
---------- ---------- --------- ---------- --------- ---------- ---------- ----------                                                                                                                   
      7782 CLARK      MANAGER         7839 09-JUN-81       2450                    10                                                                                                                   
      7839 KING       PRESIDENT            17-NOV-81       5000                    10                                                                                                                   
      7934 MILLER     CLERK           7782 23-JAN-82       1300                    10                                                                                                                   

SQL> r
  1  SELECT * FROM EMP
  2* WHERE DEPTNO=10

     EMPNO ENAME      JOB              MGR HIREDATE         SAL       COMM     DEPTNO                                                                                                                   
---------- ---------- --------- ---------- --------- ---------- ---------- ----------                                                                                                                   
      7782 CLARK      MANAGER         7839 09-JUN-81       2450                    10                                                                                                                   
      7839 KING       PRESIDENT            17-NOV-81       5000                    10                                                                                                                   
      7934 MILLER     CLERK           7782 23-JAN-82       1300                    10                                                                                                                   

SQL>   DESC DUAL;
 Name                                                                                                              Null?    Type
 ----------------------------------------------------------------------------------------------------------------- -------- ----------------------------------------------------------------------------
 DUMMY                                                                                                                      VARCHAR2(1)

SQL> SELECT 10+20 FROM DUAL;

     10+20                                                                                                                                                                                              
----------                                                                                                                                                                                              
        30                                                                                                                                                                                              

SQL> SELECT 5*5 FROM DUAL;

       5*5                                                                                                                                                                                              
----------                                                                                                                                                                                              
        25                                                                                                                                                                                              

SQL>  SELECT 25-5 FROM DUAL;

      25-5                                                                                                                                                                                              
----------                                                                                                                                                                                              
        20                                                                                                                                                                                              

SQL> SELECT 5/5 FROM dUAL;

       5/5                                                                                                                                                                                              
----------                                                                                                                                                                                              
         1                                                                                                                                                                                              

SQL> SELECT 10+20 SUM FROM DUAL;

       SUM                                                                                                                                                                                              
----------                                                                                                                                                                                              
        30                                                                                                                                                                                              

SQL>  SELECT 10+20 AS 'SUM OF NUM' FROM DUAL;
 SELECT 10+20 AS 'SUM OF NUM' FROM DUAL
                 *
ERROR at line 1:
ORA-00923: FROM keyword not found where expected 


SQL> SELECT 10+20 AS "SUM OF NUM" FROM DUAL;

SUM OF NUM                                                                                                                                                                                              
----------                                                                                                                                                                                              
        30                                                                                                                                                                                              

SQL> SELECT 10*10 AS MUL FROM DUAL;

       MUL                                                                                                                                                                                              
----------                                                                                                                                                                                              
       100                                                                                                                                                                                              

SQL> CL SCR
SQL> SELECT * FROM EMP;

     EMPNO ENAME      JOB              MGR HIREDATE         SAL       COMM     DEPTNO                                                                                                                   
---------- ---------- --------- ---------- --------- ---------- ---------- ----------                                                                                                                   
      7369 SMITH      CLERK           7902 17-DEC-80        800                    20                                                                                                                   
      7499 ALLEN      SALESMAN        7698 20-FEB-81       1600        300         30                                                                                                                   
      7521 WARD       SALESMAN        7698 22-FEB-81       1250        500         30                                                                                                                   
      7566 JONES      MANAGER         7839 02-APR-81       2975                    20                                                                                                                   
      7654 MARTIN     SALESMAN        7698 28-SEP-81       1250       1400         30                                                                                                                   
      7698 BLAKE      MANAGER         7839 01-MAY-81       2850                    30                                                                                                                   
      7782 CLARK      MANAGER         7839 09-JUN-81       2450                    10                                                                                                                   
      7788 SCOTT      ANALYST         7566 19-APR-87       3000                    20                                                                                                                   
      7839 KING       PRESIDENT            17-NOV-81       5000                    10                                                                                                                   
      7844 TURNER     SALESMAN        7698 08-SEP-81       1500          0         30                                                                                                                   
      7876 ADAMS      CLERK           7788 23-MAY-87       1100                    20                                                                                                                   
      7900 JAMES      CLERK           7698 03-DEC-81        950                    30                                                                                                                   
      7902 FORD       ANALYST         7566 03-DEC-81       3000                    20                                                                                                                   
      7934 MILLER     CLERK           7782 23-JAN-82       1300                    10                                                                                                                   

14 rows selected.

SQL> SELECT SAL FROM EMP;

       SAL                                                                                                                                                                                              
----------                                                                                                                                                                                              
       800                                                                                                                                                                                              
      1600                                                                                                                                                                                              
      1250                                                                                                                                                                                              
      2975                                                                                                                                                                                              
      1250                                                                                                                                                                                              
      2850                                                                                                                                                                                              
      2450                                                                                                                                                                                              
      3000                                                                                                                                                                                              
      5000                                                                                                                                                                                              
      1500                                                                                                                                                                                              
      1100                                                                                                                                                                                              
       950                                                                                                                                                                                              
      3000                                                                                                                                                                                              
      1300                                                                                                                                                                                              

14 rows selected.

SQL> ED;
Wrote file afiedt.buf

  1* SELECT DISTINCT SAL FROM EMP
SQL> /

       SAL                                                                                                                                                                                              
----------                                                                                                                                                                                              
      2450                                                                                                                                                                                              
      5000                                                                                                                                                                                              
      1300                                                                                                                                                                                              
      1250                                                                                                                                                                                              
      2850                                                                                                                                                                                              
      2975                                                                                                                                                                                              
      1100                                                                                                                                                                                              
      3000                                                                                                                                                                                              
       800                                                                                                                                                                                              
      1600                                                                                                                                                                                              
      1500                                                                                                                                                                                              
       950                                                                                                                                                                                              

12 rows selected.

SQL> ED;
Wrote file afiedt.buf

  1  SELECT * FROM EMP
  2* WHERE SAL>1200
  3  /

     EMPNO ENAME      JOB              MGR HIREDATE         SAL       COMM     DEPTNO                                                                                                                   
---------- ---------- --------- ---------- --------- ---------- ---------- ----------                                                                                                                   
      7499 ALLEN      SALESMAN        7698 20-FEB-81       1600        300         30                                                                                                                   
      7521 WARD       SALESMAN        7698 22-FEB-81       1250        500         30                                                                                                                   
      7566 JONES      MANAGER         7839 02-APR-81       2975                    20                                                                                                                   
      7654 MARTIN     SALESMAN        7698 28-SEP-81       1250       1400         30                                                                                                                   
      7698 BLAKE      MANAGER         7839 01-MAY-81       2850                    30                                                                                                                   
      7782 CLARK      MANAGER         7839 09-JUN-81       2450                    10                                                                                                                   
      7788 SCOTT      ANALYST         7566 19-APR-87       3000                    20                                                                                                                   
      7839 KING       PRESIDENT            17-NOV-81       5000                    10                                                                                                                   
      7844 TURNER     SALESMAN        7698 08-SEP-81       1500          0         30                                                                                                                   
      7902 FORD       ANALYST         7566 03-DEC-81       3000                    20                                                                                                                   
      7934 MILLER     CLERK           7782 23-JAN-82       1300                    10                                                                                                                   

11 rows selected.

SQL> ED;
Wrote file afiedt.buf

  1  SELECT * FROM EMP
  2* WHERE SAL<1200
SQL> /

     EMPNO ENAME      JOB              MGR HIREDATE         SAL       COMM     DEPTNO                                                                                                                   
---------- ---------- --------- ---------- --------- ---------- ---------- ----------                                                                                                                   
      7369 SMITH      CLERK           7902 17-DEC-80        800                    20                                                                                                                   
      7876 ADAMS      CLERK           7788 23-MAY-87       1100                    20                                                                                                                   
      7900 JAMES      CLERK           7698 03-DEC-81        950                    30                                                                                                                   

SQL> ED;
Wrote file afiedt.buf

  1  SELECT * FROM EMP
  2* WHERE SAL<=1250
SQL> /

     EMPNO ENAME      JOB              MGR HIREDATE         SAL       COMM     DEPTNO                                                                                                                   
---------- ---------- --------- ---------- --------- ---------- ---------- ----------                                                                                                                   
      7369 SMITH      CLERK           7902 17-DEC-80        800                    20                                                                                                                   
      7521 WARD       SALESMAN        7698 22-FEB-81       1250        500         30                                                                                                                   
      7654 MARTIN     SALESMAN        7698 28-SEP-81       1250       1400         30                                                                                                                   
      7876 ADAMS      CLERK           7788 23-MAY-87       1100                    20                                                                                                                   
      7900 JAMES      CLERK           7698 03-DEC-81        950                    30                                                                                                                   

SQL> ED
Wrote file afiedt.buf

  1  SELECT * FROM EMP
  2* WHERE SAL>=1250
SQL> /

     EMPNO ENAME      JOB              MGR HIREDATE         SAL       COMM     DEPTNO                                                                                                                   
---------- ---------- --------- ---------- --------- ---------- ---------- ----------                                                                                                                   
      7499 ALLEN      SALESMAN        7698 20-FEB-81       1600        300         30                                                                                                                   
      7521 WARD       SALESMAN        7698 22-FEB-81       1250        500         30                                                                                                                   
      7566 JONES      MANAGER         7839 02-APR-81       2975                    20                                                                                                                   
      7654 MARTIN     SALESMAN        7698 28-SEP-81       1250       1400         30                                                                                                                   
      7698 BLAKE      MANAGER         7839 01-MAY-81       2850                    30                                                                                                                   
      7782 CLARK      MANAGER         7839 09-JUN-81       2450                    10                                                                                                                   
      7788 SCOTT      ANALYST         7566 19-APR-87       3000                    20                                                                                                                   
      7839 KING       PRESIDENT            17-NOV-81       5000                    10                                                                                                                   
      7844 TURNER     SALESMAN        7698 08-SEP-81       1500          0         30                                                                                                                   
      7902 FORD       ANALYST         7566 03-DEC-81       3000                    20                                                                                                                   
      7934 MILLER     CLERK           7782 23-JAN-82       1300                    10                                                                                                                   

11 rows selected.

SQL> ED;
Wrote file afiedt.buf

  1  SELECT * FROM EMP
  2* WHERE dEPTNO = 10 AND DEPTNO = 20
SQL> /

no rows selected

SQL> ED;
Wrote file afiedt.buf

  1  SELECT * FROM EMP
  2* WHERE dEPTNO = 10 OR DEPTNO = 20
SQL> /

     EMPNO ENAME      JOB              MGR HIREDATE         SAL       COMM     DEPTNO                                                                                                                   
---------- ---------- --------- ---------- --------- ---------- ---------- ----------                                                                                                                   
      7369 SMITH      CLERK           7902 17-DEC-80        800                    20                                                                                                                   
      7566 JONES      MANAGER         7839 02-APR-81       2975                    20                                                                                                                   
      7782 CLARK      MANAGER         7839 09-JUN-81       2450                    10                                                                                                                   
      7788 SCOTT      ANALYST         7566 19-APR-87       3000                    20                                                                                                                   
      7839 KING       PRESIDENT            17-NOV-81       5000                    10                                                                                                                   
      7876 ADAMS      CLERK           7788 23-MAY-87       1100                    20                                                                                                                   
      7902 FORD       ANALYST         7566 03-DEC-81       3000                    20                                                                                                                   
      7934 MILLER     CLERK           7782 23-JAN-82       1300                    10                                                                                                                   

8 rows selected.

SQL> ED;
Wrote file afiedt.buf

  1  SELECT * FROM EMP
  2* WHERE DEPTNO IN(10,20)
SQL> /

     EMPNO ENAME      JOB              MGR HIREDATE         SAL       COMM     DEPTNO                                                                                                                   
---------- ---------- --------- ---------- --------- ---------- ---------- ----------                                                                                                                   
      7369 SMITH      CLERK           7902 17-DEC-80        800                    20                                                                                                                   
      7566 JONES      MANAGER         7839 02-APR-81       2975                    20                                                                                                                   
      7782 CLARK      MANAGER         7839 09-JUN-81       2450                    10                                                                                                                   
      7788 SCOTT      ANALYST         7566 19-APR-87       3000                    20                                                                                                                   
      7839 KING       PRESIDENT            17-NOV-81       5000                    10                                                                                                                   
      7876 ADAMS      CLERK           7788 23-MAY-87       1100                    20                                                                                                                   
      7902 FORD       ANALYST         7566 03-DEC-81       3000                    20                                                                                                                   
      7934 MILLER     CLERK           7782 23-JAN-82       1300                    10                                                                                                                   

8 rows selected.

SQL> ED;
Wrote file afiedt.buf

  1  SELECT * FROM EMP
  2* WHERE SAL >1200 AND <3000
SQL> /
WHERE SAL >1200 AND <3000
                    *
ERROR at line 2:
ORA-00936: missing expression 


SQL> ED;
Wrote file afiedt.buf

  1  SELECT * FROM EMP
  2* WHERE SAL >1200 AND SAL<3000
SQL> /

     EMPNO ENAME      JOB              MGR HIREDATE         SAL       COMM     DEPTNO                                                                                                                   
---------- ---------- --------- ---------- --------- ---------- ---------- ----------                                                                                                                   
      7499 ALLEN      SALESMAN        7698 20-FEB-81       1600        300         30                                                                                                                   
      7521 WARD       SALESMAN        7698 22-FEB-81       1250        500         30                                                                                                                   
      7566 JONES      MANAGER         7839 02-APR-81       2975                    20                                                                                                                   
      7654 MARTIN     SALESMAN        7698 28-SEP-81       1250       1400         30                                                                                                                   
      7698 BLAKE      MANAGER         7839 01-MAY-81       2850                    30                                                                                                                   
      7782 CLARK      MANAGER         7839 09-JUN-81       2450                    10                                                                                                                   
      7844 TURNER     SALESMAN        7698 08-SEP-81       1500          0         30                                                                                                                   
      7934 MILLER     CLERK           7782 23-JAN-82       1300                    10                                                                                                                   

8 rows selected.

SQL> ED;
Wrote file afiedt.buf

  1  SELECT * FROM EMP
  2* WHERE SAL >1200 AND SAL<3000
SQL> --
SQL> 
SQL> --JIKJKJK--
SQL> 
SQL> SELLL
SP2-0042: unknown command "SELLL" - rest of line ignored.
SQL> /* SEKJK*/
SQL> /*COMMENT*/

     EMPNO ENAME      JOB              MGR HIREDATE         SAL       COMM     DEPTNO                                                                                                                   
---------- ---------- --------- ---------- --------- ---------- ---------- ----------                                                                                                                   
      7499 ALLEN      SALESMAN        7698 20-FEB-81       1600        300         30                                                                                                                   
      7521 WARD       SALESMAN        7698 22-FEB-81       1250        500         30                                                                                                                   
      7566 JONES      MANAGER         7839 02-APR-81       2975                    20                                                                                                                   
      7654 MARTIN     SALESMAN        7698 28-SEP-81       1250       1400         30                                                                                                                   
      7698 BLAKE      MANAGER         7839 01-MAY-81       2850                    30                                                                                                                   
      7782 CLARK      MANAGER         7839 09-JUN-81       2450                    10                                                                                                                   
      7844 TURNER     SALESMAN        7698 08-SEP-81       1500          0         30                                                                                                                   
      7934 MILLER     CLERK           7782 23-JAN-82       1300                    10                                                                                                                   

8 rows selected.

SQL> SELECT 'HELLOW MR. ' || ENAME || ' YOUR SALARY IS ' || SAL FROM EMP;

'HELLOWMR.'||ENAME||'YOURSALARYIS'||SAL                                                                                                                                                                 
-----------------------------------------------------------------------------                                                                                                                           
HELLOW MR. SMITH YOUR SALARY IS 800                                                                                                                                                                     
HELLOW MR. ALLEN YOUR SALARY IS 1600                                                                                                                                                                    
HELLOW MR. WARD YOUR SALARY IS 1250                                                                                                                                                                     
HELLOW MR. JONES YOUR SALARY IS 2975                                                                                                                                                                    
HELLOW MR. MARTIN YOUR SALARY IS 1250                                                                                                                                                                   
HELLOW MR. BLAKE YOUR SALARY IS 2850                                                                                                                                                                    
HELLOW MR. CLARK YOUR SALARY IS 2450                                                                                                                                                                    
HELLOW MR. SCOTT YOUR SALARY IS 3000                                                                                                                                                                    
HELLOW MR. KING YOUR SALARY IS 5000                                                                                                                                                                     
HELLOW MR. TURNER YOUR SALARY IS 1500                                                                                                                                                                   
HELLOW MR. ADAMS YOUR SALARY IS 1100                                                                                                                                                                    
HELLOW MR. JAMES YOUR SALARY IS 950                                                                                                                                                                     
HELLOW MR. FORD YOUR SALARY IS 3000                                                                                                                                                                     
HELLOW MR. MILLER YOUR SALARY IS 1300                                                                                                                                                                   

14 rows selected.

SQL> ED;
Wrote file afiedt.buf

  1  SELECT 'HELLOW MR. ' || ENAME || ' YOUR SALARY IS ' || SAL FROM EMP
  2* WHERE DEPTNO = 10 
SQL> /

'HELLOWMR.'||ENAME||'YOURSALARYIS'||SAL                                                                                                                                                                 
-----------------------------------------------------------------------------                                                                                                                           
HELLOW MR. CLARK YOUR SALARY IS 2450                                                                                                                                                                    
HELLOW MR. KING YOUR SALARY IS 5000                                                                                                                                                                     
HELLOW MR. MILLER YOUR SALARY IS 1300                                                                                                                                                                   

SQL> ED;
Wrote file afiedt.buf

  1  SELECT 'HELLOW MR. ' || ENAME || ' YOUR SALARY IS ' || SAL  MSG FROM EMP
  2* WHERE DEPTNO = 10 
SQL> /

MSG                                                                                                                                                                                                     
-----------------------------------------------------------------------------                                                                                                                           
HELLOW MR. CLARK YOUR SALARY IS 2450                                                                                                                                                                    
HELLOW MR. KING YOUR SALARY IS 5000                                                                                                                                                                     
HELLOW MR. MILLER YOUR SALARY IS 1300                                                                                                                                                                   

SQL> CL SCR
SQL> ED;
Wrote file afiedt.buf

  1  SELECT *
  2  FROM EMP
  3* WHERE DEPTNO IN(10,20)
SQL> /

     EMPNO ENAME      JOB              MGR HIREDATE         SAL       COMM     DEPTNO                                                                                                                   
---------- ---------- --------- ---------- --------- ---------- ---------- ----------                                                                                                                   
      7369 SMITH      CLERK           7902 17-DEC-80        800                    20                                                                                                                   
      7566 JONES      MANAGER         7839 02-APR-81       2975                    20                                                                                                                   
      7782 CLARK      MANAGER         7839 09-JUN-81       2450                    10                                                                                                                   
      7788 SCOTT      ANALYST         7566 19-APR-87       3000                    20                                                                                                                   
      7839 KING       PRESIDENT            17-NOV-81       5000                    10                                                                                                                   
      7876 ADAMS      CLERK           7788 23-MAY-87       1100                    20                                                                                                                   
      7902 FORD       ANALYST         7566 03-DEC-81       3000                    20                                                                                                                   
      7934 MILLER     CLERK           7782 23-JAN-82       1300                    10                                                                                                                   

8 rows selected.

SQL> ED;
Wrote file afiedt.buf

  1  SELECT *
  2  FROM EMP
  3* WHERE DEPTNO IN(10,20,30)
SQL> /

     EMPNO ENAME      JOB              MGR HIREDATE         SAL       COMM     DEPTNO                                                                                                                   
---------- ---------- --------- ---------- --------- ---------- ---------- ----------                                                                                                                   
      7369 SMITH      CLERK           7902 17-DEC-80        800                    20                                                                                                                   
      7499 ALLEN      SALESMAN        7698 20-FEB-81       1600        300         30                                                                                                                   
      7521 WARD       SALESMAN        7698 22-FEB-81       1250        500         30                                                                                                                   
      7566 JONES      MANAGER         7839 02-APR-81       2975                    20                                                                                                                   
      7654 MARTIN     SALESMAN        7698 28-SEP-81       1250       1400         30                                                                                                                   
      7698 BLAKE      MANAGER         7839 01-MAY-81       2850                    30                                                                                                                   
      7782 CLARK      MANAGER         7839 09-JUN-81       2450                    10                                                                                                                   
SQL>  SELECT SUM(SAL) FROM EMP;

  SUM(SAL)                                                                                                                                                                                              
----------                                                                                                                                                                                              
     29025                                                                                                                                                                                              

SQL>  SELECT MIN(SAL) FROM EMP;

  MIN(SAL)                                                                                                                                                                                              
----------                                                                                                                                                                                              
       800                                                                                                                                                                                              

SQL> SELECT MAX(SAL) FROM EMP;

  MAX(SAL)                                                                                                                                                                                              
----------                                                                                                                                                                                              
      5000                                                                                                                                                                                              

SQL> SELECT AVG(SAL) FROM EMP;

  AVG(SAL)                                                                                                                                                                                              
----------                                                                                                                                                                                              
2073.21429                                                                                                                                                                                              

SQL> SELECT COUNT(SAL) FROM EMP;

COUNT(SAL)                                                                                                                                                                                              
----------                                                                                                                                                                                              
        14                                                                                                                                                                                              

SQL> ed;
Wrote file afiedt.buf

  1* SELECT max(ENAME) FROM EMP
SQL> /

MAX(ENAME)                                                                                                                                                                                              
----------                                                                                                                                                                                              
WARD                                                                                                                                                                                                    

SQL> ED;
Wrote file afiedt.buf

  1* SELECT MIN(ENAME) FROM EMP
SQL> /

MIN(ENAME)                                                                                                                                                                                              
----------                                                                                                                                                                                              
ADAMS                                                                                                                                                                                                   

SQL> ED;
Wrote file afiedt.buf

  1* SELECT AVG(ENAME) FROM EMP
SQL> /
SELECT AVG(ENAME) FROM EMP
           *
ERROR at line 1:
ORA-01722: invalid number 


SQL> ED;
Wrote file afiedt.buf

  1* SELECT SUM(ENAME) FROM EMP
SQL> /
SELECT SUM(ENAME) FROM EMP
           *
ERROR at line 1:
ORA-01722: invalid number 


SQL> ED;
Wrote file afiedt.buf

  1* SELECT COUNT(ENAME) FROM EMP
SQL> /

COUNT(ENAME)                                                                                                                                                                                            
------------                                                                                                                                                                                            
          14                                                                                                                                                                                            

SQL> ED;
Wrote file afiedt.buf

  1* SELECT SUM(EMPNO,DEPTNO) FROM EMP
SQL> /
SELECT SUM(EMPNO,DEPTNO) FROM EMP
       *
ERROR at line 1:
ORA-00909: invalid number of arguments 


SQL> ED;
Wrote file afiedt.buf

  1* SELECT SUM(SAL), SUM(COMM) FROM EMP
SQL> /

  SUM(SAL)  SUM(COMM)                                                                                                                                                                                   
---------- ----------                                                                                                                                                                                   
     29025       2200                                                                                                                                                                                   

SQL> ED;
Wrote file afiedt.buf

  1* SELECT SUM(SAL), MIN(COMM),MAX(ENAME) FROM EMP
SQL> /

  SUM(SAL)  MIN(COMM) MAX(ENAME)                                                                                                                                                                        
---------- ---------- ----------                                                                                                                                                                        
     29025          0 WARD                                                                                                                                                                              

SQL> ED;
Wrote file afiedt.buf

  1* SELECT SUM(MIN(COMM)) FROM EMP
SQL> /
SELECT SUM(MIN(COMM)) FROM EMP
           *
ERROR at line 1:
ORA-00978: nested group function without GROUP BY 


SQL> ED;
Wrote file afiedt.buf

  1* SELECT SUM(COMM),SAL FROM EMP
SQL> /
SELECT SUM(COMM),SAL FROM EMP
                 *
ERROR at line 1:
ORA-00937: not a single-group group function 


SQL> ED;
Wrote file afiedt.buf

  1* SELECT COUNT(COMM) FROM EMP
SQL> /

COUNT(COMM)                                                                                                                                                                                             
-----------                                                                                                                                                                                             
          4                                                                                                                                                                                             

SQL>   ED;
Wrote file afiedt.buf

  1  SELECT DEPTNO, SAL
  2  FROM EMP
  3* GROUP BY DEPTNO
SQL> /
SELECT DEPTNO, SAL
               *
ERROR at line 1:
ORA-00979: not a GROUP BY expression 


SQL> ED;
Wrote file afiedt.buf

  1  SELECT DEPTNO,SUM(SAL)
  2  FROM EMP
  3* GROUP BY DEPTNO
SQL> /

    DEPTNO   SUM(SAL)                                                                                                                                                                                   
---------- ----------                                                                                                                                                                                   
        30       9400                                                                                                                                                                                   
        20      10875                                                                                                                                                                                   
        10       8750                                                                                                                                                                                   

SQL> ED;
Wrote file afiedt.buf

  1  SELECT DEPTNO,MAX(SAL)
  2  FROM EMP
  3* GROUP BY DEPTNO
SQL> /

    DEPTNO   MAX(SAL)                                                                                                                                                                                   
---------- ----------                                                                                                                                                                                   
        30       2850                                                                                                                                                                                   
        20       3000                                                                                                                                                                                   
        10       5000                                                                                                                                                                                   

SQL> ED;
Wrote file afiedt.buf

  1  SELECT DEPTNO,MIN(SAL)
  2  FROM EMP
  3* GROUP BY DEPTNO
SQL> /

    DEPTNO   MIN(SAL)                                                                                                                                                                                   
---------- ----------                                                                                                                                                                                   
        30        950                                                                                                                                                                                   
        20        800                                                                                                                                                                                   
        10       1300                                                                                                                                                                                   

SQL> SPOOL OFF;
