SQL> set pages 200 lines 200
SQL> ed;
SP2-0107: Nothing to save.
SQL> select * from emp;

     EMPNO ENAME      JOB              MGR HIREDATE         SAL       COMM     DEPTNO                                                                                                                   
---------- ---------- --------- ---------- --------- ---------- ---------- ----------                                                                                                                   
      7369 SMITH      CLERK           7902 17-DEC-80        800                    20                                                                                                                   
      7499 ALLEN      SALESMAN        7698 20-FEB-81       1600        300         30                                                                                                                   
      7521 WARD       SALESMAN        7698 22-FEB-81       1250        500         30                                                                                                                   
      7566 JONES      MANAGER         7839 02-APR-81       2975                    20                                                                                                                   
      7654 MARTIN     SALESMAN        7698 28-SEP-81       1250       1400         30                                                                                                                   
      7698 BLAKE      MANAGER         7839 01-MAY-81       2850                    30                                                                                                                   
      7782 CLARK      MANAGER         7839 09-JUN-81       2450                    10                                                                                                                   
      7788 SCOTT      ANALYST         7566 19-APR-87       3000                    20                                                                                                                   
      7839 KING       PRESIDENT            17-NOV-81       5000                    10                                                                                                                   
      7844 TURNER     SALESMAN        7698 08-SEP-81       1500          0         30                                                                                                                   
      7876 ADAMS      CLERK           7788 23-MAY-87       1100                    20                                                                                                                   
      7900 JAMES      CLERK           7698 03-DEC-81        950                    30                                                                                                                   
      7902 FORD       ANALYST         7566 03-DEC-81       3000                    20                                                                                                                   
      7934 MILLER     CLERK           7782 23-JAN-82       1300                    10                                                                                                                   

14 rows selected.

SQL> ED;
Wrote file afiedt.buf

  1  select MAX(SUM(SAL)) 
  2* from emp
  3  /
select MAX(SUM(SAL)) 
           *
ERROR at line 1:
ORA-00978: nested group function without GROUP BY 


SQL> ED;
Wrote file afiedt.buf

  1  select MAX(SUM(SAL)),DEPTNO
  2  from emp
  3* GROUP BY DEPTNO
SQL> /
select MAX(SUM(SAL)),DEPTNO
                     *
ERROR at line 1:
ORA-00937: not a single-group group function 


SQL> 23
SP2-0226: Invalid line number 
SQL> ED;
Wrote file afiedt.buf

  1  select MAX(SUM(SAL))
  2  from emp
  3* GROUP BY DEPTNO
SQL> /

MAX(SUM(SAL))                                                                                                                                                                                           
-------------                                                                                                                                                                                           
        10875                                                                                                                                                                                           

SQL> ED;
Wrote file afiedt.buf

  1  select MAX(COUNT(*))
  2  from emp
  3* GROUP BY DEPTNO
SQL> /

MAX(COUNT(*))                                                                                                                                                                                           
-------------                                                                                                                                                                                           
            6                                                                                                                                                                                           

SQL> ED;
Wrote file afiedt.buf

  1  /*select */COL_NM/EXP
  2  from TB_NM
  3* GROUP BY COL_NM*/
SQL> ED;
Wrote file afiedt.buf

  1  /* select */COL_NM/EXP
  2  from TB_NM
  3  [WHERE <FILTER COND>] =>>ROW BY ROW
  4* GROUP BY COL_NM =>>ROW BY ROW      */
SQL> ED;
Wrote file afiedt.buf

  1  /* select */COL_NM/EXP  {4/3}
  2  from TB_NM {1}
  3  [WHERE <FILTER COND>] =>>ROW BY ROW {2}
  4* GROUP BY COL_NM =>>ROW BY ROW {3/2}     */
SQL> ED;
Wrote file afiedt.buf

  1  /* select */COL_NM/EXP  {5/4}
  2  from TB_NM {1}
  3  [WHERE <FILTER COND>] =>>ROW BY ROW {2}
  4  GROUP BY COL_NM =>>ROW BY ROW {3/2}  
  5* HAVING <GROUP FILTER COND>  {4/3} */
SQL> /
/* select */COL_NM/EXP  {5/4}
            *
ERROR at line 1:
ORA-00900: invalid SQL statement 


SQL> ED;
Wrote file afiedt.buf

  1  select DEPTNO
  2  from EMP
  3  GROUP BY DEPTNO
  4* HAVING COUNT(*)>3
SQL> /

    DEPTNO                                                                                                                                                                                              
----------                                                                                                                                                                                              
        30                                                                                                                                                                                              
        20                                                                                                                                                                                              

SQL> ED;
Wrote file afiedt.buf

  1  select DEPTNO
  2  from EMP
  3* WHERE COUNT(*)>3
  4  /
WHERE COUNT(*)>3
      *
ERROR at line 3:
ORA-00934: group function is not allowed here 


SQL> ED;
Wrote file afiedt.buf

  1  select DEPTNO
  2  from EMP
  3* WHERE COUNT(*)>3
SQL> ED;
Wrote file afiedt.buf

  1  /* select */COL_NM/EXP  {5/4}  G BY G / R BY R
  2  from TB_NM {1}
  3  [WHERE <FILTER COND>] =>>ROW BY ROW {2}
  4  GROUP BY COL_NM =>>ROW BY ROW {3/2}
  5* HAVING <GROUP FILTER COND> GROUP BY GROUP {4/3} */
SQL> ED;
Wrote file afiedt.buf

  1  /*select */COL_NM/EXP  {5/4}  G BY G / R BY R
  2  from TB_NM {1}
  3  [WHERE <FILTER COND>] =>>ROW BY ROW {2}
  4  GROUP BY COL_NM =>>ROW BY ROW {3/2}
  5  HAVING <GROUP FILTER COND> GROUP BY GROUP {4/3} 
  6* ORDER BY COL_NM =>> ROW BY ROW {6/5}*/
SQL> ED;
Wrote file afiedt.buf

  1  select *
  2  from EMP
  3* ORDER BY ENAME
SQL> /

     EMPNO ENAME      JOB              MGR HIREDATE         SAL       COMM     DEPTNO                                                                                                                   
---------- ---------- --------- ---------- --------- ---------- ---------- ----------                                                                                                                   
      7876 ADAMS      CLERK           7788 23-MAY-87       1100                    20                                                                                                                   
      7499 ALLEN      SALESMAN        7698 20-FEB-81       1600        300         30                                                                                                                   
      7698 BLAKE      MANAGER         7839 01-MAY-81       2850                    30                                                                                                                   
      7782 CLARK      MANAGER         7839 09-JUN-81       2450                    10                                                                                                                   
      7902 FORD       ANALYST         7566 03-DEC-81       3000                    20                                                                                                                   
      7900 JAMES      CLERK           7698 03-DEC-81        950                    30                                                                                                                   
      7566 JONES      MANAGER         7839 02-APR-81       2975                    20                                                                                                                   
      7839 KING       PRESIDENT            17-NOV-81       5000                    10                                                                                                                   
      7654 MARTIN     SALESMAN        7698 28-SEP-81       1250       1400         30                                                                                                                   
      7934 MILLER     CLERK           7782 23-JAN-82       1300                    10                                                                                                                   
      7788 SCOTT      ANALYST         7566 19-APR-87       3000                    20                                                                                                                   
      7369 SMITH      CLERK           7902 17-DEC-80        800                    20                                                                                                                   
      7844 TURNER     SALESMAN        7698 08-SEP-81       1500          0         30                                                                                                                   
      7521 WARD       SALESMAN        7698 22-FEB-81       1250        500         30                                                                                                                   

14 rows selected.

SQL> ED;
Wrote file afiedt.buf

  1  select *
  2  from EMP
  3* ORDER BY ENAME DESC
SQL> /

     EMPNO ENAME      JOB              MGR HIREDATE         SAL       COMM     DEPTNO                                                                                                                   
---------- ---------- --------- ---------- --------- ---------- ---------- ----------                                                                                                                   
      7521 WARD       SALESMAN        7698 22-FEB-81       1250        500         30                                                                                                                   
      7844 TURNER     SALESMAN        7698 08-SEP-81       1500          0         30                                                                                                                   
      7369 SMITH      CLERK           7902 17-DEC-80        800                    20                                                                                                                   
      7788 SCOTT      ANALYST         7566 19-APR-87       3000                    20                                                                                                                   
      7934 MILLER     CLERK           7782 23-JAN-82       1300                    10                                                                                                                   
      7654 MARTIN     SALESMAN        7698 28-SEP-81       1250       1400         30                                                                                                                   
      7839 KING       PRESIDENT            17-NOV-81       5000                    10                                                                                                                   
      7566 JONES      MANAGER         7839 02-APR-81       2975                    20                                                                                                                   
      7900 JAMES      CLERK           7698 03-DEC-81        950                    30                                                                                                                   
      7902 FORD       ANALYST         7566 03-DEC-81       3000                    20                                                                                                                   
      7782 CLARK      MANAGER         7839 09-JUN-81       2450                    10                                                                                                                   
      7698 BLAKE      MANAGER         7839 01-MAY-81       2850                    30                                                                                                                   
      7499 ALLEN      SALESMAN        7698 20-FEB-81       1600        300         30                                                                                                                   
      7876 ADAMS      CLERK           7788 23-MAY-87       1100                    20                                                                                                                   

14 rows selected.

SQL> ED;
Wrote file afiedt.buf

  1  select ENAME,SAL
  2  from EMP
  3* ORDER BY ENAME
SQL> /

ENAME             SAL                                                                                                                                                                                   
---------- ----------                                                                                                                                                                                   
ADAMS            1100                                                                                                                                                                                   
ALLEN            1600                                                                                                                                                                                   
BLAKE            2850                                                                                                                                                                                   
CLARK            2450                                                                                                                                                                                   
FORD             3000                                                                                                                                                                                   
JAMES             950                                                                                                                                                                                   
JONES            2975                                                                                                                                                                                   
KING             5000                                                                                                                                                                                   
MARTIN           1250                                                                                                                                                                                   
MILLER           1300                                                                                                                                                                                   
SCOTT            3000                                                                                                                                                                                   
SMITH             800                                                                                                                                                                                   
TURNER           1500                                                                                                                                                                                   
WARD             1250                                                                                                                                                                                   

14 rows selected.

SQL> ED;
Wrote file afiedt.buf

  1  select ENAME,SAL
  2  from EMP
  3* ORDER BY ENAME,SAL
SQL> /

ENAME             SAL                                                                                                                                                                                   
---------- ----------                                                                                                                                                                                   
ADAMS            1100                                                                                                                                                                                   
ALLEN            1600                                                                                                                                                                                   
BLAKE            2850                                                                                                                                                                                   
CLARK            2450                                                                                                                                                                                   
FORD             3000                                                                                                                                                                                   
JAMES             950                                                                                                                                                                                   
JONES            2975                                                                                                                                                                                   
KING             5000                                                                                                                                                                                   
MARTIN           1250                                                                                                                                                                                   
MILLER           1300                                                                                                                                                                                   
SCOTT            3000                                                                                                                                                                                   
SMITH             800                                                                                                                                                                                   
TURNER           1500                                                                                                                                                                                   
WARD             1250                                                                                                                                                                                   

14 rows selected.

SQL> ED;
Wrote file afiedt.buf

  1  select SAL,ENAME
  2  from EMP
  3* ORDER BY SAL, ENAME
SQL> /

       SAL ENAME                                                                                                                                                                                        
---------- ----------                                                                                                                                                                                   
       800 SMITH                                                                                                                                                                                        
       950 JAMES                                                                                                                                                                                        
      1100 ADAMS                                                                                                                                                                                        
      1250 MARTIN                                                                                                                                                                                       
      1250 WARD                                                                                                                                                                                         
      1300 MILLER                                                                                                                                                                                       
      1500 TURNER                                                                                                                                                                                       
      1600 ALLEN                                                                                                                                                                                        
      2450 CLARK                                                                                                                                                                                        
      2850 BLAKE                                                                                                                                                                                        
      2975 JONES                                                                                                                                                                                        
      3000 FORD                                                                                                                                                                                         
      3000 SCOTT                                                                                                                                                                                        
      5000 KING                                                                                                                                                                                         

14 rows selected.

SQL> ED;
Wrote file afiedt.buf

  1  select SAL,ENAME
  2  from EMP
  3* ORDER BY SAL
SQL> /

       SAL ENAME                                                                                                                                                                                        
---------- ----------                                                                                                                                                                                   
       800 SMITH                                                                                                                                                                                        
       950 JAMES                                                                                                                                                                                        
      1100 ADAMS                                                                                                                                                                                        
      1250 WARD                                                                                                                                                                                         
      1250 MARTIN                                                                                                                                                                                       
      1300 MILLER                                                                                                                                                                                       
      1500 TURNER                                                                                                                                                                                       
      1600 ALLEN                                                                                                                                                                                        
      2450 CLARK                                                                                                                                                                                        
      2850 BLAKE                                                                                                                                                                                        
      2975 JONES                                                                                                                                                                                        
      3000 SCOTT                                                                                                                                                                                        
      3000 FORD                                                                                                                                                                                         
      5000 KING                                                                                                                                                                                         

14 rows selected.

SQL> linesize 200
CL SCR
SQL> SPOOL OFF
SQL>  ED;
Wrote file afiedt.buf

  1  SELECT * 
  2  FROM EMP
  3  WHERE DEPTNO = (SELECT DEPTNO 
  4  		FROM DEPT
  5* 		WHERE LOC = 'NEW YORK')
SQL> /

     EMPNO ENAME      JOB              MGR HIREDATE         SAL       COMM     DEPTNO                                                                                                                   
---------- ---------- --------- ---------- --------- ---------- ---------- ----------                                                                                                                   
      7782 CLARK      MANAGER         7839 09-JUN-81       2450                    10                                                                                                                   
      7839 KING       PRESIDENT            17-NOV-81       5000                    10                                                                                                                   
      7934 MILLER     CLERK           7782 23-JAN-82       1300                    10                                                                                                                   

SQL> ED;
Wrote file afiedt.buf

  1  SELECT * 
  2  FROM EMP
  3  WHERE DEPTNO = (SELECT DEPTNO 
  4  		FROM EMP
  5* 		WHERE ENAME= 'ADAMS')
SQL> /

     EMPNO ENAME      JOB              MGR HIREDATE         SAL       COMM     DEPTNO                                                                                                                   
---------- ---------- --------- ---------- --------- ---------- ---------- ----------                                                                                                                   
      7369 SMITH      CLERK           7902 17-DEC-80        800                    20                                                                                                                   
      7566 JONES      MANAGER         7839 02-APR-81       2975                    20                                                                                                                   
      7788 SCOTT      ANALYST         7566 19-APR-87       3000                    20                                                                                                                   
      7876 ADAMS      CLERK           7788 23-MAY-87       1100                    20                                                                                                                   
      7902 FORD       ANALYST         7566 03-DEC-81       3000                    20                                                                                                                   

SQL> ED;
Wrote file afiedt.buf

  1  SELECT * 
  2  FROM EMP
  3  WHERE EMPNO= (SELECT MGR
  4  		FROM EMP
  5* 		WHERE ENAME= 'JONES')
SQL> /

     EMPNO ENAME      JOB              MGR HIREDATE         SAL       COMM     DEPTNO                                                                                                                   
---------- ---------- --------- ---------- --------- ---------- ---------- ----------                                                                                                                   
      7839 KING       PRESIDENT            17-NOV-81       5000                    10                                                                                                                   

SQL> ED;
Wrote file afiedt.buf

  1  SELECT * 
  2  FROM EMP
  3  WHERE DEPTNO IN(SELECT DEPTNO
  4  		FROM DEPT
  5  		WHERE DNAME LIKE'%S'
  6* 		)
SQL> /

     EMPNO ENAME      JOB              MGR HIREDATE         SAL       COMM     DEPTNO                                                                                                                   
---------- ---------- --------- ---------- --------- ---------- ---------- ----------                                                                                                                   
      7499 ALLEN      SALESMAN        7698 20-FEB-81       1600        300         30                                                                                                                   
      7521 WARD       SALESMAN        7698 22-FEB-81       1250        500         30                                                                                                                   
      7654 MARTIN     SALESMAN        7698 28-SEP-81       1250       1400         30                                                                                                                   
      7698 BLAKE      MANAGER         7839 01-MAY-81       2850                    30                                                                                                                   
      7844 TURNER     SALESMAN        7698 08-SEP-81       1500          0         30                                                                                                                   
      7900 JAMES      CLERK           7698 03-DEC-81        950                    30                                                                                                                   

6 rows selected.

SQL> ED;
Wrote file afiedt.buf

  1  SELECT MAX(SAL),ENAME
  2  FROM EMP
  3  WHERE DEPTNO IN(SELECT DEPTNO
  4  		FROM DEPT
  5  		WHERE DNAME='ACCOUNTING'
  6* 		)
SQL> /
SELECT MAX(SAL),ENAME
                *
ERROR at line 1:
ORA-00937: not a single-group group function 


SQL> ED;
Wrote file afiedt.buf

  1  SELECT MAX(SAL)
  2  FROM EMP
  3  WHERE DEPTNO IN(SELECT DEPTNO
  4  		FROM DEPT
  5  		WHERE DNAME='ACCOUNTING'
  6* 		)
SQL> /

  MAX(SAL)                                                                                                                                                                                              
----------                                                                                                                                                                                              
      5000                                                                                                                                                                                              

SQL> ED;
Wrote file afiedt.buf

  1  SELECT MAX(SAL)
  2  FROM EMP
  3  WHERE DEPTNO IN(SELECT DEPTNO
  4  		FROM DEPT
  5  		WHERE DNAME='ACCOUNTING'
  6* 		)
SQL> ED
Wrote file afiedt.buf

  1  SELECT MAX(SAL)
  2  FROM EMP
  3  WHERE DEPTNO IN(SELECT DEPTNO
  4  		FROM DEPT
  5  		WHERE DNAME='ACCOUNTING'
  6* 		)
SQL> SPOOL  OFF
SQL> CL SCR
SQL>  ED;
Wrote file afiedt.buf

  1  SELECT * 
  2* FROM EMP CROSS JOIN DEPT
SQL> /

     EMPNO ENAME      JOB              MGR HIREDATE         SAL       COMM     DEPTNO     DEPTNO DNAME          LOC                                                                                     
---------- ---------- --------- ---------- --------- ---------- ---------- ---------- ---------- -------------- -------------                                                                           
      7369 SMITH      CLERK           7902 17-DEC-80        800                    20         10 ACCOUNTING     NEW YORK                                                                                
      7499 ALLEN      SALESMAN        7698 20-FEB-81       1600        300         30         10 ACCOUNTING     NEW YORK                                                                                
      7521 WARD       SALESMAN        7698 22-FEB-81       1250        500         30         10 ACCOUNTING     NEW YORK                                                                                
      7566 JONES      MANAGER         7839 02-APR-81       2975                    20         10 ACCOUNTING     NEW YORK                                                                                
      7654 MARTIN     SALESMAN        7698 28-SEP-81       1250       1400         30         10 ACCOUNTING     NEW YORK                                                                                
      7698 BLAKE      MANAGER         7839 01-MAY-81       2850                    30         10 ACCOUNTING     NEW YORK                                                                                
      7782 CLARK      MANAGER         7839 09-JUN-81       2450                    10         10 ACCOUNTING     NEW YORK                                                                                
      7788 SCOTT      ANALYST         7566 19-APR-87       3000                    20         10 ACCOUNTING     NEW YORK                                                                                
      7839 KING       PRESIDENT            17-NOV-81       5000                    10         10 ACCOUNTING     NEW YORK                                                                                
      7844 TURNER     SALESMAN        7698 08-SEP-81       1500          0         30         10 ACCOUNTING     NEW YORK                                                                                
      7876 ADAMS      CLERK           7788 23-MAY-87       1100                    20         10 ACCOUNTING     NEW YORK                                                                                
      7900 JAMES      CLERK           7698 03-DEC-81        950                    30         10 ACCOUNTING     NEW YORK                                                                                
      7902 FORD       ANALYST         7566 03-DEC-81       3000                    20         10 ACCOUNTING     NEW YORK                                                                                
      7934 MILLER     CLERK           7782 23-JAN-82       1300                    10         10 ACCOUNTING     NEW YORK                                                                                
      7369 SMITH      CLERK           7902 17-DEC-80        800                    20         20 RESEARCH       DALLAS                                                                                  
      7499 ALLEN      SALESMAN        7698 20-FEB-81       1600        300         30         20 RESEARCH       DALLAS                                                                                  
      7521 WARD       SALESMAN        7698 22-FEB-81       1250        500         30         20 RESEARCH       DALLAS                                                                                  
      7566 JONES      MANAGER         7839 02-APR-81       2975                    20         20 RESEARCH       DALLAS                                                                                  
      7654 MARTIN     SALESMAN        7698 28-SEP-81       1250       1400         30         20 RESEARCH       DALLAS                                                                                  
      7698 BLAKE      MANAGER         7839 01-MAY-81       2850                    30         20 RESEARCH       DALLAS                                                                                  
      7782 CLARK      MANAGER         7839 09-JUN-81       2450                    10         20 RESEARCH       DALLAS                                                                                  
      7788 SCOTT      ANALYST         7566 19-APR-87       3000                    20         20 RESEARCH       DALLAS                                                                                  
      7839 KING       PRESIDENT            17-NOV-81       5000                    10         20 RESEARCH       DALLAS                                                                                  
      7844 TURNER     SALESMAN        7698 08-SEP-81       1500          0         30         20 RESEARCH       DALLAS                                                                                  
      7876 ADAMS      CLERK           7788 23-MAY-87       1100                    20         20 RESEARCH       DALLAS                                                                                  
      7900 JAMES      CLERK           7698 03-DEC-81        950                    30         20 RESEARCH       DALLAS                                                                                  
      7902 FORD       ANALYST         7566 03-DEC-81       3000                    20         20 RESEARCH       DALLAS                                                                                  
      7934 MILLER     CLERK           7782 23-JAN-82       1300                    10         20 RESEARCH       DALLAS                                                                                  
      7369 SMITH      CLERK           7902 17-DEC-80        800                    20         30 SALES          CHICAGO                                                                                 
      7499 ALLEN      SALESMAN        7698 20-FEB-81       1600        300         30         30 SALES          CHICAGO                                                                                 
      7521 WARD       SALESMAN        7698 22-FEB-81       1250        500         30         30 SALES          CHICAGO                                                                                 
      7566 JONES      MANAGER         7839 02-APR-81       2975                    20         30 SALES          CHICAGO                                                                                 
      7654 MARTIN     SALESMAN        7698 28-SEP-81       1250       1400         30         30 SALES          CHICAGO                                                                                 
      7698 BLAKE      MANAGER         7839 01-MAY-81       2850                    30         30 SALES          CHICAGO                                                                                 
      7782 CLARK      MANAGER         7839 09-JUN-81       2450                    10         30 SALES          CHICAGO                                                                                 
      7788 SCOTT      ANALYST         7566 19-APR-87       3000                    20         30 SALES          CHICAGO                                                                                 
      7839 KING       PRESIDENT            17-NOV-81       5000                    10         30 SALES          CHICAGO                                                                                 
      7844 TURNER     SALESMAN        7698 08-SEP-81       1500          0         30         30 SALES          CHICAGO                                                                                 
      7876 ADAMS      CLERK           7788 23-MAY-87       1100                    20         30 SALES          CHICAGO                                                                                 
      7900 JAMES      CLERK           7698 03-DEC-81        950                    30         30 SALES          CHICAGO                                                                                 
      7902 FORD       ANALYST         7566 03-DEC-81       3000                    20         30 SALES          CHICAGO                                                                                 
      7934 MILLER     CLERK           7782 23-JAN-82       1300                    10         30 SALES          CHICAGO                                                                                 
      7369 SMITH      CLERK           7902 17-DEC-80        800                    20         40 OPERATIONS     BOSTON                                                                                  
      7499 ALLEN      SALESMAN        7698 20-FEB-81       1600        300         30         40 OPERATIONS     BOSTON                                                                                  
      7521 WARD       SALESMAN        7698 22-FEB-81       1250        500         30         40 OPERATIONS     BOSTON                                                                                  
      7566 JONES      MANAGER         7839 02-APR-81       2975                    20         40 OPERATIONS     BOSTON                                                                                  
      7654 MARTIN     SALESMAN        7698 28-SEP-81       1250       1400         30         40 OPERATIONS     BOSTON                                                                                  
      7698 BLAKE      MANAGER         7839 01-MAY-81       2850                    30         40 OPERATIONS     BOSTON                                                                                  
      7782 CLARK      MANAGER         7839 09-JUN-81       2450                    10         40 OPERATIONS     BOSTON                                                                                  
      7788 SCOTT      ANALYST         7566 19-APR-87       3000                    20         40 OPERATIONS     BOSTON                                                                                  
      7839 KING       PRESIDENT            17-NOV-81       5000                    10         40 OPERATIONS     BOSTON                                                                                  
      7844 TURNER     SALESMAN        7698 08-SEP-81       1500          0         30         40 OPERATIONS     BOSTON                                                                                  
      7876 ADAMS      CLERK           7788 23-MAY-87       1100                    20         40 OPERATIONS     BOSTON                                                                                  
      7900 JAMES      CLERK           7698 03-DEC-81        950                    30         40 OPERATIONS     BOSTON                                                                                  
      7902 FORD       ANALYST         7566 03-DEC-81       3000                    20         40 OPERATIONS     BOSTON                                                                                  
      7934 MILLER     CLERK           7782 23-JAN-82       1300                    10         40 OPERATIONS     BOSTON                                                                                  

56 rows selected.

SQL> ED;
Wrote file afiedt.buf

  1  SELECT * 
  2* FROM EMP DEPT
SQL> /

     EMPNO ENAME      JOB              MGR HIREDATE         SAL       COMM     DEPTNO                                                                                                                   
---------- ---------- --------- ---------- --------- ---------- ---------- ----------                                                                                                                   
      7369 SMITH      CLERK           7902 17-DEC-80        800                    20                                                                                                                   
      7499 ALLEN      SALESMAN        7698 20-FEB-81       1600        300         30                                                                                                                   
      7521 WARD       SALESMAN        7698 22-FEB-81       1250        500         30                                                                                                                   
      7566 JONES      MANAGER         7839 02-APR-81       2975                    20                                                                                                                   
      7654 MARTIN     SALESMAN        7698 28-SEP-81       1250       1400         30                                                                                                                   
      7698 BLAKE      MANAGER         7839 01-MAY-81       2850                    30                                                                                                                   
      7782 CLARK      MANAGER         7839 09-JUN-81       2450                    10                                                                                                                   
      7788 SCOTT      ANALYST         7566 19-APR-87       3000                    20                                                                                                                   
      7839 KING       PRESIDENT            17-NOV-81       5000                    10                                                                                                                   
      7844 TURNER     SALESMAN        7698 08-SEP-81       1500          0         30                                                                                                                   
      7876 ADAMS      CLERK           7788 23-MAY-87       1100                    20                                                                                                                   
      7900 JAMES      CLERK           7698 03-DEC-81        950                    30                                                                                                                   
      7902 FORD       ANALYST         7566 03-DEC-81       3000                    20                                                                                                                   
      7934 MILLER     CLERK           7782 23-JAN-82       1300                    10                                                                                                                   

14 rows selected.

SQL> ED;
Wrote file afiedt.buf

  1  SELECT * 
  2* FROM EMP, DEPT
SQL> /

     EMPNO ENAME      JOB              MGR HIREDATE         SAL       COMM     DEPTNO     DEPTNO DNAME          LOC                                                                                     
---------- ---------- --------- ---------- --------- ---------- ---------- ---------- ---------- -------------- -------------                                                                           
      7369 SMITH      CLERK           7902 17-DEC-80        800                    20         10 ACCOUNTING     NEW YORK                                                                                
      7499 ALLEN      SALESMAN        7698 20-FEB-81       1600        300         30         10 ACCOUNTING     NEW YORK                                                                                
      7521 WARD       SALESMAN        7698 22-FEB-81       1250        500         30         10 ACCOUNTING     NEW YORK                                                                                
      7566 JONES      MANAGER         7839 02-APR-81       2975                    20         10 ACCOUNTING     NEW YORK                                                                                
      7654 MARTIN     SALESMAN        7698 28-SEP-81       1250       1400         30         10 ACCOUNTING     NEW YORK                                                                                
      7698 BLAKE      MANAGER         7839 01-MAY-81       2850                    30         10 ACCOUNTING     NEW YORK                                                                                
      7782 CLARK      MANAGER         7839 09-JUN-81       2450                    10         10 ACCOUNTING     NEW YORK                                                                                
      7788 SCOTT      ANALYST         7566 19-APR-87       3000                    20         10 ACCOUNTING     NEW YORK                                                                                
      7839 KING       PRESIDENT            17-NOV-81       5000                    10         10 ACCOUNTING     NEW YORK                                                                                
      7844 TURNER     SALESMAN        7698 08-SEP-81       1500          0         30         10 ACCOUNTING     NEW YORK                                                                                
      7876 ADAMS      CLERK           7788 23-MAY-87       1100                    20         10 ACCOUNTING     NEW YORK                                                                                
      7900 JAMES      CLERK           7698 03-DEC-81        950                    30         10 ACCOUNTING     NEW YORK                                                                                
      7902 FORD       ANALYST         7566 03-DEC-81       3000                    20         10 ACCOUNTING     NEW YORK                                                                                
      7934 MILLER     CLERK           7782 23-JAN-82       1300                    10         10 ACCOUNTING     NEW YORK                                                                                
      7369 SMITH      CLERK           7902 17-DEC-80        800                    20         20 RESEARCH       DALLAS                                                                                  
      7499 ALLEN      SALESMAN        7698 20-FEB-81       1600        300         30         20 RESEARCH       DALLAS                                                                                  
      7521 WARD       SALESMAN        7698 22-FEB-81       1250        500         30         20 RESEARCH       DALLAS                                                                                  
      7566 JONES      MANAGER         7839 02-APR-81       2975                    20         20 RESEARCH       DALLAS                                                                                  
      7654 MARTIN     SALESMAN        7698 28-SEP-81       1250       1400         30         20 RESEARCH       DALLAS                                                                                  
      7698 BLAKE      MANAGER         7839 01-MAY-81       2850                    30         20 RESEARCH       DALLAS                                                                                  
      7782 CLARK      MANAGER         7839 09-JUN-81       2450                    10         20 RESEARCH       DALLAS                                                                                  
      7788 SCOTT      ANALYST         7566 19-APR-87       3000                    20         20 RESEARCH       DALLAS                                                                                  
      7839 KING       PRESIDENT            17-NOV-81       5000                    10         20 RESEARCH       DALLAS                                                                                  
      7844 TURNER     SALESMAN        7698 08-SEP-81       1500          0         30         20 RESEARCH       DALLAS                                                                                  
      7876 ADAMS      CLERK           7788 23-MAY-87       1100                    20         20 RESEARCH       DALLAS                                                                                  
      7900 JAMES      CLERK           7698 03-DEC-81        950                    30         20 RESEARCH       DALLAS                                                                                  
      7902 FORD       ANALYST         7566 03-DEC-81       3000                    20         20 RESEARCH       DALLAS                                                                                  
      7934 MILLER     CLERK           7782 23-JAN-82       1300                    10         20 RESEARCH       DALLAS                                                                                  
      7369 SMITH      CLERK           7902 17-DEC-80        800                    20         30 SALES          CHICAGO                                                                                 
      7499 ALLEN      SALESMAN        7698 20-FEB-81       1600        300         30         30 SALES          CHICAGO                                                                                 
      7521 WARD       SALESMAN        7698 22-FEB-81       1250        500         30         30 SALES          CHICAGO                                                                                 
      7566 JONES      MANAGER         7839 02-APR-81       2975                    20         30 SALES          CHICAGO                                                                                 
      7654 MARTIN     SALESMAN        7698 28-SEP-81       1250       1400         30         30 SALES          CHICAGO                                                                                 
      7698 BLAKE      MANAGER         7839 01-MAY-81       2850                    30         30 SALES          CHICAGO                                                                                 
      7782 CLARK      MANAGER         7839 09-JUN-81       2450                    10         30 SALES          CHICAGO                                                                                 
      7788 SCOTT      ANALYST         7566 19-APR-87       3000                    20         30 SALES          CHICAGO                                                                                 
      7839 KING       PRESIDENT            17-NOV-81       5000                    10         30 SALES          CHICAGO                                                                                 
      7844 TURNER     SALESMAN        7698 08-SEP-81       1500          0         30         30 SALES          CHICAGO                                                                                 
      7876 ADAMS      CLERK           7788 23-MAY-87       1100                    20         30 SALES          CHICAGO                                                                                 
      7900 JAMES      CLERK           7698 03-DEC-81        950                    30         30 SALES          CHICAGO                                                                                 
      7902 FORD       ANALYST         7566 03-DEC-81       3000                    20         30 SALES          CHICAGO                                                                                 
      7934 MILLER     CLERK           7782 23-JAN-82       1300                    10         30 SALES          CHICAGO                                                                                 
      7369 SMITH      CLERK           7902 17-DEC-80        800                    20         40 OPERATIONS     BOSTON                                                                                  
      7499 ALLEN      SALESMAN        7698 20-FEB-81       1600        300         30         40 OPERATIONS     BOSTON                                                                                  
      7521 WARD       SALESMAN        7698 22-FEB-81       1250        500         30         40 OPERATIONS     BOSTON                                                                                  
      7566 JONES      MANAGER         7839 02-APR-81       2975                    20         40 OPERATIONS     BOSTON                                                                                  
      7654 MARTIN     SALESMAN        7698 28-SEP-81       1250       1400         30         40 OPERATIONS     BOSTON                                                                                  
      7698 BLAKE      MANAGER         7839 01-MAY-81       2850                    30         40 OPERATIONS     BOSTON                                                                                  
      7782 CLARK      MANAGER         7839 09-JUN-81       2450                    10         40 OPERATIONS     BOSTON                                                                                  
      7788 SCOTT      ANALYST         7566 19-APR-87       3000                    20         40 OPERATIONS     BOSTON                                                                                  
      7839 KING       PRESIDENT            17-NOV-81       5000                    10         40 OPERATIONS     BOSTON                                                                                  
      7844 TURNER     SALESMAN        7698 08-SEP-81       1500          0         30         40 OPERATIONS     BOSTON                                                                                  
      7876 ADAMS      CLERK           7788 23-MAY-87       1100                    20         40 OPERATIONS     BOSTON                                                                                  
      7900 JAMES      CLERK           7698 03-DEC-81        950                    30         40 OPERATIONS     BOSTON                                                                                  
      7902 FORD       ANALYST         7566 03-DEC-81       3000                    20         40 OPERATIONS     BOSTON                                                                                  
      7934 MILLER     CLERK           7782 23-JAN-82       1300                    10         40 OPERATIONS     BOSTON                                                                                  

56 rows selected.

SQL> ED;
Wrote file afiedt.buf

  1  SELECT * 
  2  FROM EMP, DEPT
  3* WHERE EMP.DEPTNO = DEPT.DEPTNO
SQL> /

     EMPNO ENAME      JOB              MGR HIREDATE         SAL       COMM     DEPTNO     DEPTNO DNAME          LOC                                                                                     
---------- ---------- --------- ---------- --------- ---------- ---------- ---------- ---------- -------------- -------------                                                                           
      7369 SMITH      CLERK           7902 17-DEC-80        800                    20         20 RESEARCH       DALLAS                                                                                  
      7499 ALLEN      SALESMAN        7698 20-FEB-81       1600        300         30         30 SALES          CHICAGO                                                                                 
      7521 WARD       SALESMAN        7698 22-FEB-81       1250        500         30         30 SALES          CHICAGO                                                                                 
      7566 JONES      MANAGER         7839 02-APR-81       2975                    20         20 RESEARCH       DALLAS                                                                                  
      7654 MARTIN     SALESMAN        7698 28-SEP-81       1250       1400         30         30 SALES          CHICAGO                                                                                 
      7698 BLAKE      MANAGER         7839 01-MAY-81       2850                    30         30 SALES          CHICAGO                                                                                 
      7782 CLARK      MANAGER         7839 09-JUN-81       2450                    10         10 ACCOUNTING     NEW YORK                                                                                
      7788 SCOTT      ANALYST         7566 19-APR-87       3000                    20         20 RESEARCH       DALLAS                                                                                  
      7839 KING       PRESIDENT            17-NOV-81       5000                    10         10 ACCOUNTING     NEW YORK                                                                                
      7844 TURNER     SALESMAN        7698 08-SEP-81       1500          0         30         30 SALES          CHICAGO                                                                                 
      7876 ADAMS      CLERK           7788 23-MAY-87       1100                    20         20 RESEARCH       DALLAS                                                                                  
      7900 JAMES      CLERK           7698 03-DEC-81        950                    30         30 SALES          CHICAGO                                                                                 
      7902 FORD       ANALYST         7566 03-DEC-81       3000                    20         20 RESEARCH       DALLAS                                                                                  
      7934 MILLER     CLERK           7782 23-JAN-82       1300                    10         10 ACCOUNTING     NEW YORK                                                                                

14 rows selected.

SQL>  ED;
Wrote file afiedt.buf

  1  SELECT * 
  2  FROM EMP INNER JOIN DEPT
  3* ON EMP.DEPTNO = DEPT.DEPTNO
SQL> /

     EMPNO ENAME      JOB              MGR HIREDATE         SAL       COMM     DEPTNO     DEPTNO DNAME          LOC                                                                                     
---------- ---------- --------- ---------- --------- ---------- ---------- ---------- ---------- -------------- -------------                                                                           
      7369 SMITH      CLERK           7902 17-DEC-80        800                    20         20 RESEARCH       DALLAS                                                                                  
      7499 ALLEN      SALESMAN        7698 20-FEB-81       1600        300         30         30 SALES          CHICAGO                                                                                 
      7521 WARD       SALESMAN        7698 22-FEB-81       1250        500         30         30 SALES          CHICAGO                                                                                 
      7566 JONES      MANAGER         7839 02-APR-81       2975                    20         20 RESEARCH       DALLAS                                                                                  
      7654 MARTIN     SALESMAN        7698 28-SEP-81       1250       1400         30         30 SALES          CHICAGO                                                                                 
      7698 BLAKE      MANAGER         7839 01-MAY-81       2850                    30         30 SALES          CHICAGO                                                                                 
      7782 CLARK      MANAGER         7839 09-JUN-81       2450                    10         10 ACCOUNTING     NEW YORK                                                                                
      7788 SCOTT      ANALYST         7566 19-APR-87       3000                    20         20 RESEARCH       DALLAS                                                                                  
      7839 KING       PRESIDENT            17-NOV-81       5000                    10         10 ACCOUNTING     NEW YORK                                                                                
      7844 TURNER     SALESMAN        7698 08-SEP-81       1500          0         30         30 SALES          CHICAGO                                                                                 
      7876 ADAMS      CLERK           7788 23-MAY-87       1100                    20         20 RESEARCH       DALLAS                                                                                  
      7900 JAMES      CLERK           7698 03-DEC-81        950                    30         30 SALES          CHICAGO                                                                                 
      7902 FORD       ANALYST         7566 03-DEC-81       3000                    20         20 RESEARCH       DALLAS                                                                                  
      7934 MILLER     CLERK           7782 23-JAN-82       1300                    10         10 ACCOUNTING     NEW YORK                                                                                

14 rows selected.

SQL> ED;
Wrote file afiedt.buf

  1  SELECT * 
  2  FROM EMP E INNER JOIN DEPT D
  3* ON E.DEPTNO = D.DEPTNO
SQL> /

     EMPNO ENAME      JOB              MGR HIREDATE         SAL       COMM     DEPTNO     DEPTNO DNAME          LOC                                                                                     
---------- ---------- --------- ---------- --------- ---------- ---------- ---------- ---------- -------------- -------------                                                                           
      7369 SMITH      CLERK           7902 17-DEC-80        800                    20         20 RESEARCH       DALLAS                                                                                  
      7499 ALLEN      SALESMAN        7698 20-FEB-81       1600        300         30         30 SALES          CHICAGO                                                                                 
      7521 WARD       SALESMAN        7698 22-FEB-81       1250        500         30         30 SALES          CHICAGO                                                                                 
      7566 JONES      MANAGER         7839 02-APR-81       2975                    20         20 RESEARCH       DALLAS                                                                                  
      7654 MARTIN     SALESMAN        7698 28-SEP-81       1250       1400         30         30 SALES          CHICAGO                                                                                 
      7698 BLAKE      MANAGER         7839 01-MAY-81       2850                    30         30 SALES          CHICAGO                                                                                 
      7782 CLARK      MANAGER         7839 09-JUN-81       2450                    10         10 ACCOUNTING     NEW YORK                                                                                
      7788 SCOTT      ANALYST         7566 19-APR-87       3000                    20         20 RESEARCH       DALLAS                                                                                  
      7839 KING       PRESIDENT            17-NOV-81       5000                    10         10 ACCOUNTING     NEW YORK                                                                                
      7844 TURNER     SALESMAN        7698 08-SEP-81       1500          0         30         30 SALES          CHICAGO                                                                                 
      7876 ADAMS      CLERK           7788 23-MAY-87       1100                    20         20 RESEARCH       DALLAS                                                                                  
      7900 JAMES      CLERK           7698 03-DEC-81        950                    30         30 SALES          CHICAGO                                                                                 
      7902 FORD       ANALYST         7566 03-DEC-81       3000                    20         20 RESEARCH       DALLAS                                                                                  
      7934 MILLER     CLERK           7782 23-JAN-82       1300                    10         10 ACCOUNTING     NEW YORK                                                                                

14 rows selected.

SQL> ED;
Wrote file afiedt.buf

  1  SELECT DEPTNO
  2  FROM EMP E INNER JOIN DEPT D
  3* ON E.DEPTNO = D.DEPTNO
SQL> /
SELECT DEPTNO
       *
ERROR at line 1:
ORA-00918: column ambiguously defined 


SQL> ED;
Wrote file afiedt.buf

  1  SELECT E.DEPTNO
  2  FROM EMP E INNER JOIN DEPT D
  3* ON E.DEPTNO = D.DEPTNO
SQL> /

    DEPTNO                                                                                                                                                                                              
----------                                                                                                                                                                                              
        20                                                                                                                                                                                              
        30                                                                                                                                                                                              
        30                                                                                                                                                                                              
        20                                                                                                                                                                                              
        30                                                                                                                                                                                              
        30                                                                                                                                                                                              
        10                                                                                                                                                                                              
        20                                                                                                                                                                                              
        10                                                                                                                                                                                              
        30                                                                                                                                                                                              
        20                                                                                                                                                                                              
        30                                                                                                                                                                                              
        20                                                                                                                                                                                              
        10                                                                                                                                                                                              

14 rows selected.

SQL> ED;
Wrote file afiedt.buf

  1  SELECT D.DEPTNO
  2  FROM EMP E INNER JOIN DEPT D
  3* ON E.DEPTNO = D.DEPTNO
SQL> /

    DEPTNO                                                                                                                                                                                              
----------                                                                                                                                                                                              
        20                                                                                                                                                                                              
        30                                                                                                                                                                                              
        30                                                                                                                                                                                              
        20                                                                                                                                                                                              
        30                                                                                                                                                                                              
        30                                                                                                                                                                                              
        10                                                                                                                                                                                              
        20                                                                                                                                                                                              
        10                                                                                                                                                                                              
        30                                                                                                                                                                                              
        20                                                                                                                                                                                              
        30                                                                                                                                                                                              
        20                                                                                                                                                                                              
        10                                                                                                                                                                                              

14 rows selected.

SQL> ED;
Wrote file afiedt.buf

  1  SELECT D.DEPTNO
  2  FROM EMP E LEFT JOIN DEPT D
  3* ON E.DEPTNO = D.DEPTNO
SQL> /

    DEPTNO                                                                                                                                                                                              
----------                                                                                                                                                                                              
        20                                                                                                                                                                                              
        30                                                                                                                                                                                              
        30                                                                                                                                                                                              
        20                                                                                                                                                                                              
        30                                                                                                                                                                                              
        30                                                                                                                                                                                              
        10                                                                                                                                                                                              
        20                                                                                                                                                                                              
        10                                                                                                                                                                                              
        30                                                                                                                                                                                              
        20                                                                                                                                                                                              
        30                                                                                                                                                                                              
        20                                                                                                                                                                                              
        10                                                                                                                                                                                              

14 rows selected.

SQL> ED;
Wrote file afiedt.buf

  1  SELECT *
  2  FROM EMP E LEFT JOIN DEPT D
  3* ON E.DEPTNO = D.DEPTNO
SQL> /

     EMPNO ENAME      JOB              MGR HIREDATE         SAL       COMM     DEPTNO     DEPTNO DNAME          LOC                                                                                     
---------- ---------- --------- ---------- --------- ---------- ---------- ---------- ---------- -------------- -------------                                                                           
      7934 MILLER     CLERK           7782 23-JAN-82       1300                    10         10 ACCOUNTING     NEW YORK                                                                                
      7839 KING       PRESIDENT            17-NOV-81       5000                    10         10 ACCOUNTING     NEW YORK                                                                                
      7782 CLARK      MANAGER         7839 09-JUN-81       2450                    10         10 ACCOUNTING     NEW YORK                                                                                
      7902 FORD       ANALYST         7566 03-DEC-81       3000                    20         20 RESEARCH       DALLAS                                                                                  
      7876 ADAMS      CLERK           7788 23-MAY-87       1100                    20         20 RESEARCH       DALLAS                                                                                  
      7788 SCOTT      ANALYST         7566 19-APR-87       3000                    20         20 RESEARCH       DALLAS                                                                                  
      7566 JONES      MANAGER         7839 02-APR-81       2975                    20         20 RESEARCH       DALLAS                                                                                  
      7369 SMITH      CLERK           7902 17-DEC-80        800                    20         20 RESEARCH       DALLAS                                                                                  
      7900 JAMES      CLERK           7698 03-DEC-81        950                    30         30 SALES          CHICAGO                                                                                 
      7844 TURNER     SALESMAN        7698 08-SEP-81       1500          0         30         30 SALES          CHICAGO                                                                                 
      7698 BLAKE      MANAGER         7839 01-MAY-81       2850                    30         30 SALES          CHICAGO                                                                                 
      7654 MARTIN     SALESMAN        7698 28-SEP-81       1250       1400         30         30 SALES          CHICAGO                                                                                 
      7521 WARD       SALESMAN        7698 22-FEB-81       1250        500         30         30 SALES          CHICAGO                                                                                 
      7499 ALLEN      SALESMAN        7698 20-FEB-81       1600        300         30         30 SALES          CHICAGO                                                                                 

14 rows selected.

SQL> ED;
Wrote file afiedt.buf

  1  SELECT *
  2  FROM DEPT E LEFT JOIN EMP D
  3* ON E.DEPTNO = D.DEPTNO
SQL> /

    DEPTNO DNAME          LOC                EMPNO ENAME      JOB              MGR HIREDATE         SAL       COMM     DEPTNO                                                                           
---------- -------------- ------------- ---------- ---------- --------- ---------- --------- ---------- ---------- ----------                                                                           
        20 RESEARCH       DALLAS              7369 SMITH      CLERK           7902 17-DEC-80        800                    20                                                                           
        30 SALES          CHICAGO             7499 ALLEN      SALESMAN        7698 20-FEB-81       1600        300         30                                                                           
        30 SALES          CHICAGO             7521 WARD       SALESMAN        7698 22-FEB-81       1250        500         30                                                                           
        20 RESEARCH       DALLAS              7566 JONES      MANAGER         7839 02-APR-81       2975                    20                                                                           
        30 SALES          CHICAGO             7654 MARTIN     SALESMAN        7698 28-SEP-81       1250       1400         30                                                                           
        30 SALES          CHICAGO             7698 BLAKE      MANAGER         7839 01-MAY-81       2850                    30                                                                           
        10 ACCOUNTING     NEW YORK            7782 CLARK      MANAGER         7839 09-JUN-81       2450                    10                                                                           
        20 RESEARCH       DALLAS              7788 SCOTT      ANALYST         7566 19-APR-87       3000                    20                                                                           
        10 ACCOUNTING     NEW YORK            7839 KING       PRESIDENT            17-NOV-81       5000                    10                                                                           
        30 SALES          CHICAGO             7844 TURNER     SALESMAN        7698 08-SEP-81       1500          0         30                                                                           
        20 RESEARCH       DALLAS              7876 ADAMS      CLERK           7788 23-MAY-87       1100                    20                                                                           
        30 SALES          CHICAGO             7900 JAMES      CLERK           7698 03-DEC-81        950                    30                                                                           
        20 RESEARCH       DALLAS              7902 FORD       ANALYST         7566 03-DEC-81       3000                    20                                                                           
        10 ACCOUNTING     NEW YORK            7934 MILLER     CLERK           7782 23-JAN-82       1300                    10                                                                           
        40 OPERATIONS     BOSTON                                                                                                                                                                        

15 rows selected.

SQL> ED;
Wrote file afiedt.buf

  1  SELECT *
  2  FROM DEPT E LEFT JOIN EMP D
  3  ON E.DEPTNO = D.DEPTNO
  4* WHERE EMPNO IS NULL
SQL> /

    DEPTNO DNAME          LOC                EMPNO ENAME      JOB              MGR HIREDATE         SAL       COMM     DEPTNO                                                                           
---------- -------------- ------------- ---------- ---------- --------- ---------- --------- ---------- ---------- ----------                                                                           
        40 OPERATIONS     BOSTON                                                                                                                                                                        

SQL> ED;
Wrote file afiedt.buf

  1  SELECT *
  2  FROM DEPT E RIGHT JOIN EMP D
  3  ON E.DEPTNO = D.DEPTNO
  4* WHERE EMPNO IS NULL
SQL> /

no rows selected

SQL> ED;
Wrote file afiedt.buf

  1  SELECT *
  2  FROM EMP E RIGHT JOIN DEPT D
  3  ON E.DEPTNO = D.DEPTNO
  4* WHERE EMPNO IS NULL
SQL> /

     EMPNO ENAME      JOB              MGR HIREDATE         SAL       COMM     DEPTNO     DEPTNO DNAME          LOC                                                                                     
---------- ---------- --------- ---------- --------- ---------- ---------- ---------- ---------- -------------- -------------                                                                           
                                                                                              40 OPERATIONS     BOSTON                                                                                  

SQL> ED;
Wrote file afiedt.buf

  1  SELECT *
  2  FROM EMP E FULL JOIN DEPT D
  3  ON E.DEPTNO = D.DEPTNO
  4* WHERE EMPNO IS NULL
SQL> /

     EMPNO ENAME      JOB              MGR HIREDATE         SAL       COMM     DEPTNO     DEPTNO DNAME          LOC                                                                                     
---------- ---------- --------- ---------- --------- ---------- ---------- ---------- ---------- -------------- -------------                                                                           
                                                                                              40 OPERATIONS     BOSTON                                                                                  

SQL> ED;
Wrote file afiedt.buf

  1  SELECT *
  2* FROM EMP NATURAL JOIN DEPT
SQL> /

    DEPTNO      EMPNO ENAME      JOB              MGR HIREDATE         SAL       COMM DNAME          LOC                                                                                                
---------- ---------- ---------- --------- ---------- --------- ---------- ---------- -------------- -------------                                                                                      
        20       7369 SMITH      CLERK           7902 17-DEC-80        800            RESEARCH       DALLAS                                                                                             
        30       7499 ALLEN      SALESMAN        7698 20-FEB-81       1600        300 SALES          CHICAGO                                                                                            
        30       7521 WARD       SALESMAN        7698 22-FEB-81       1250        500 SALES          CHICAGO                                                                                            
        20       7566 JONES      MANAGER         7839 02-APR-81       2975            RESEARCH       DALLAS                                                                                             
        30       7654 MARTIN     SALESMAN        7698 28-SEP-81       1250       1400 SALES          CHICAGO                                                                                            
        30       7698 BLAKE      MANAGER         7839 01-MAY-81       2850            SALES          CHICAGO                                                                                            
        10       7782 CLARK      MANAGER         7839 09-JUN-81       2450            ACCOUNTING     NEW YORK                                                                                           
        20       7788 SCOTT      ANALYST         7566 19-APR-87       3000            RESEARCH       DALLAS                                                                                             
        10       7839 KING       PRESIDENT            17-NOV-81       5000            ACCOUNTING     NEW YORK                                                                                           
        30       7844 TURNER     SALESMAN        7698 08-SEP-81       1500          0 SALES          CHICAGO                                                                                            
        20       7876 ADAMS      CLERK           7788 23-MAY-87       1100            RESEARCH       DALLAS                                                                                             
        30       7900 JAMES      CLERK           7698 03-DEC-81        950            SALES          CHICAGO                                                                                            
        20       7902 FORD       ANALYST         7566 03-DEC-81       3000            RESEARCH       DALLAS                                                                                             
        10       7934 MILLER     CLERK           7782 23-JAN-82       1300            ACCOUNTING     NEW YORK                                                                                           

14 rows selected.

SQL> ED;
Wrote file afiedt.buf

  1  SELECT *
  2* FROM EMP NATURAL JOIN SALGRADE
SQL> /

     EMPNO ENAME      JOB              MGR HIREDATE         SAL       COMM     DEPTNO      GRADE      LOSAL      HISAL                                                                                  
---------- ---------- --------- ---------- --------- ---------- ---------- ---------- ---------- ---------- ----------                                                                                  
      7369 SMITH      CLERK           7902 17-DEC-80        800                    20          1        700       1200                                                                                  
      7499 ALLEN      SALESMAN        7698 20-FEB-81       1600        300         30          1        700       1200                                                                                  
      7521 WARD       SALESMAN        7698 22-FEB-81       1250        500         30          1        700       1200                                                                                  
      7566 JONES      MANAGER         7839 02-APR-81       2975                    20          1        700       1200                                                                                  
      7654 MARTIN     SALESMAN        7698 28-SEP-81       1250       1400         30          1        700       1200                                                                                  
      7698 BLAKE      MANAGER         7839 01-MAY-81       2850                    30          1        700       1200                                                                                  
      7782 CLARK      MANAGER         7839 09-JUN-81       2450                    10          1        700       1200                                                                                  
      7788 SCOTT      ANALYST         7566 19-APR-87       3000                    20          1        700       1200                                                                                  
      7839 KING       PRESIDENT            17-NOV-81       5000                    10          1        700       1200                                                                                  
      7844 TURNER     SALESMAN        7698 08-SEP-81       1500          0         30          1        700       1200                                                                                  
      7876 ADAMS      CLERK           7788 23-MAY-87       1100                    20          1        700       1200                                                                                  
      7900 JAMES      CLERK           7698 03-DEC-81        950                    30          1        700       1200                                                                                  
      7902 FORD       ANALYST         7566 03-DEC-81       3000                    20          1        700       1200                                                                                  
      7934 MILLER     CLERK           7782 23-JAN-82       1300                    10          1        700       1200                                                                                  
      7369 SMITH      CLERK           7902 17-DEC-80        800                    20          2       1201       1400                                                                                  
      7499 ALLEN      SALESMAN        7698 20-FEB-81       1600        300         30          2       1201       1400                                                                                  
      7521 WARD       SALESMAN        7698 22-FEB-81       1250        500         30          2       1201       1400                                                                                  
      7566 JONES      MANAGER         7839 02-APR-81       2975                    20          2       1201       1400                                                                                  
      7654 MARTIN     SALESMAN        7698 28-SEP-81       1250       1400         30          2       1201       1400                                                                                  
      7698 BLAKE      MANAGER         7839 01-MAY-81       2850                    30          2       1201       1400                                                                                  
      7782 CLARK      MANAGER         7839 09-JUN-81       2450                    10          2       1201       1400                                                                                  
      7788 SCOTT      ANALYST         7566 19-APR-87       3000                    20          2       1201       1400                                                                                  
      7839 KING       PRESIDENT            17-NOV-81       5000                    10          2       1201       1400                                                                                  
      7844 TURNER     SALESMAN        7698 08-SEP-81       1500          0         30          2       1201       1400                                                                                  
      7876 ADAMS      CLERK           7788 23-MAY-87       1100                    20          2       1201       1400                                                                                  
      7900 JAMES      CLERK           7698 03-DEC-81        950                    30          2       1201       1400                                                                                  
      7902 FORD       ANALYST         7566 03-DEC-81       3000                    20          2       1201       1400                                                                                  
      7934 MILLER     CLERK           7782 23-JAN-82       1300                    10          2       1201       1400                                                                                  
      7369 SMITH      CLERK           7902 17-DEC-80        800                    20          3       1401       2000                                                                                  
      7499 ALLEN      SALESMAN        7698 20-FEB-81       1600        300         30          3       1401       2000                                                                                  
      7521 WARD       SALESMAN        7698 22-FEB-81       1250        500         30          3       1401       2000                                                                                  
      7566 JONES      MANAGER         7839 02-APR-81       2975                    20          3       1401       2000                                                                                  
      7654 MARTIN     SALESMAN        7698 28-SEP-81       1250       1400         30          3       1401       2000                                                                                  
      7698 BLAKE      MANAGER         7839 01-MAY-81       2850                    30          3       1401       2000                                                                                  
      7782 CLARK      MANAGER         7839 09-JUN-81       2450                    10          3       1401       2000                                                                                  
      7788 SCOTT      ANALYST         7566 19-APR-87       3000                    20          3       1401       2000                                                                                  
      7839 KING       PRESIDENT            17-NOV-81       5000                    10          3       1401       2000                                                                                  
      7844 TURNER     SALESMAN        7698 08-SEP-81       1500          0         30          3       1401       2000                                                                                  
      7876 ADAMS      CLERK           7788 23-MAY-87       1100                    20          3       1401       2000                                                                                  
      7900 JAMES      CLERK           7698 03-DEC-81        950                    30          3       1401       2000                                                                                  
      7902 FORD       ANALYST         7566 03-DEC-81       3000                    20          3       1401       2000                                                                                  
      7934 MILLER     CLERK           7782 23-JAN-82       1300                    10          3       1401       2000                                                                                  
      7369 SMITH      CLERK           7902 17-DEC-80        800                    20          4       2001       3000                                                                                  
      7499 ALLEN      SALESMAN        7698 20-FEB-81       1600        300         30          4       2001       3000                                                                                  
      7521 WARD       SALESMAN        7698 22-FEB-81       1250        500         30          4       2001       3000                                                                                  
      7566 JONES      MANAGER         7839 02-APR-81       2975                    20          4       2001       3000                                                                                  
      7654 MARTIN     SALESMAN        7698 28-SEP-81       1250       1400         30          4       2001       3000                                                                                  
      7698 BLAKE      MANAGER         7839 01-MAY-81       2850                    30          4       2001       3000                                                                                  
      7782 CLARK      MANAGER         7839 09-JUN-81       2450                    10          4       2001       3000                                                                                  
      7788 SCOTT      ANALYST         7566 19-APR-87       3000                    20          4       2001       3000                                                                                  
      7839 KING       PRESIDENT            17-NOV-81       5000                    10          4       2001       3000                                                                                  
      7844 TURNER     SALESMAN        7698 08-SEP-81       1500          0         30          4       2001       3000                                                                                  
      7876 ADAMS      CLERK           7788 23-MAY-87       1100                    20          4       2001       3000                                                                                  
      7900 JAMES      CLERK           7698 03-DEC-81        950                    30          4       2001       3000                                                                                  
      7902 FORD       ANALYST         7566 03-DEC-81       3000                    20          4       2001       3000                                                                                  
      7934 MILLER     CLERK           7782 23-JAN-82       1300                    10          4       2001       3000                                                                                  
      7369 SMITH      CLERK           7902 17-DEC-80        800                    20          5       3001       9999                                                                                  
      7499 ALLEN      SALESMAN        7698 20-FEB-81       1600        300         30          5       3001       9999                                                                                  
      7521 WARD       SALESMAN        7698 22-FEB-81       1250        500         30          5       3001       9999                                                                                  
      7566 JONES      MANAGER         7839 02-APR-81       2975                    20          5       3001       9999                                                                                  
      7654 MARTIN     SALESMAN        7698 28-SEP-81       1250       1400         30          5       3001       9999                                                                                  
      7698 BLAKE      MANAGER         7839 01-MAY-81       2850                    30          5       3001       9999                                                                                  
      7782 CLARK      MANAGER         7839 09-JUN-81       2450                    10          5       3001       9999                                                                                  
      7788 SCOTT      ANALYST         7566 19-APR-87       3000                    20          5       3001       9999                                                                                  
      7839 KING       PRESIDENT            17-NOV-81       5000                    10          5       3001       9999                                                                                  
      7844 TURNER     SALESMAN        7698 08-SEP-81       1500          0         30          5       3001       9999                                                                                  
      7876 ADAMS      CLERK           7788 23-MAY-87       1100                    20          5       3001       9999                                                                                  
      7900 JAMES      CLERK           7698 03-DEC-81        950                    30          5       3001       9999                                                                                  
      7902 FORD       ANALYST         7566 03-DEC-81       3000                    20          5       3001       9999                                                                                  
      7934 MILLER     CLERK           7782 23-JAN-82       1300                    10          5       3001       9999                                                                                  

70 rows selected.
